k;t;r;value
p1;1;1;6387.702
p2;1;1;0.0
p3;1;1;16294.278000000002
p4;1;1;0.0
p5;1;1;0.0
p6;1;1;0.0
p7;1;1;13213.858
p8;1;1;9.5
p9;1;1;0.0
p10;1;1;0.0
p11;1;1;1676.09
p12;1;1;0.0
p13;1;1;0.0
p14;1;1;0.0
p15;1;1;25849.533000000003
p16;1;1;0.0
p17;1;1;20720.111
p18;1;1;0.0
p19;1;1;0.0
p20;1;1;0.0
p21;1;1;18867.798000000003
p22;1;1;0.0
p23;1;1;-0.0
p24;1;1;37769.327999999994
p25;1;1;0.0
p26;1;1;0.0
p27;1;1;4007.4990000000003
p28;1;1;0.0
p1;2;1;7045.459000000001
p2;2;1;0.0
p3;2;1;18508.086000000003
p4;2;1;0.0
p5;2;1;0.0
p6;2;1;0.0
p7;2;1;8512.265
p8;2;1;0.0
p9;2;1;0.0
p10;2;1;0.0
p11;2;1;9669.75
p12;2;1;12582.750000000002
p13;2;1;0.0
p14;2;1;0.0
p15;2;1;27760.440000000006
p16;2;1;0.0
p17;2;1;16973.565000000002
p18;2;1;0.0
p19;2;1;0.0
p20;2;1;0.0
p21;2;1;17170.389
p22;2;1;0.0
p23;2;1;-0.0
p24;2;1;31496.183999999994
p25;2;1;0.0
p26;2;1;0.0
p27;2;1;0.0
p28;2;1;0.0
p1;3;1;7201.4220000000005
p2;3;1;0.0
p3;3;1;26297.109000000004
p4;3;1;0.0
p5;3;1;0.0
p6;3;1;0.0
p7;3;1;10091.224
p8;3;1;0.0
p9;3;1;0.0
p10;3;1;0.0
p11;3;1;4744.624
p12;3;1;19009.500000000004
p13;3;1;0.0
p14;3;1;0.0
p15;3;1;14346.063000000002
p16;3;1;0.0
p17;3;1;24029.243000000002
p18;3;1;0.0
p19;3;1;0.0
p20;3;1;0.0
p21;3;1;0.0
p22;3;1;0.0
p23;3;1;-0.0
p24;3;1;41585.399999999994
p25;3;1;0.0
p26;3;1;0.0
p27;3;1;0.0
p28;3;1;0.0
p1;4;1;7276.013000000001
p2;4;1;-0.0
p3;4;1;13665.381000000001
p4;4;1;-0.0
p5;4;1;-0.0
p6;4;1;-0.0
p7;4;1;8918.030999999999
p8;4;1;-0.0
p9;4;1;-0.0
p10;4;1;-0.0
p11;4;1;3494.0029999999997
p12;4;1;-0.0
p13;4;1;-0.0
p14;4;1;-0.0
p15;4;1;27237.555000000004
p16;4;1;-0.0
p17;4;1;22041.862
p18;4;1;-0.0
p19;4;1;-0.0
p20;4;1;-0.0
p21;4;1;38786.373
p22;4;1;-0.0
p23;4;1;-0.0
p24;4;1;21961.439999999995
p25;4;1;-0.0
p26;4;1;-0.0
p27;4;1;3845.676
p28;4;1;-0.0
p1;5;1;4129.629
p2;5;1;-0.0
p3;5;1;12875.898000000001
p4;5;1;-0.0
p5;5;1;-0.0
p6;5;1;-0.0
p7;5;1;18030.124
p8;5;1;-0.0
p9;5;1;-0.0
p10;5;1;-0.0
p11;5;1;4667.266
p12;5;1;14349.750000000002
p13;5;1;-0.0
p14;5;1;-0.0
p15;5;1;28254.804000000004
p16;5;1;-0.0
p17;5;1;23820.045000000002
p18;5;1;-0.0
p19;5;1;-0.0
p20;5;1;-0.0
p21;5;1;-0.0
p22;5;1;-0.0
p23;5;1;-0.0
p24;5;1;42607.367999999995
p25;5;1;-0.0
p26;5;1;-0.0
p27;5;1;-0.0
p28;5;1;-0.0
p1;6;1;5248.494000000001
p2;6;1;0.0
p3;6;1;10295.835000000001
p4;6;1;0.0
p5;6;1;0.0
p6;6;1;0.0
p7;6;1;19776.682
p8;6;1;0.0
p9;6;1;0.0
p10;6;1;23.072
p11;6;1;7336.116999999999
p12;6;1;17627.250000000004
p13;6;1;0.0
p14;6;1;0.0
p15;6;1;28197.762000000006
p16;6;1;0.0
p17;6;1;22897.672000000002
p18;6;1;0.0
p19;6;1;0.0
p20;6;1;0.0
p21;6;1;0.0
p22;6;1;0.0
p23;6;1;-0.0
p24;6;1;38454.263999999996
p25;6;1;0.0
p26;6;1;0.0
p27;6;1;0.0
p28;6;1;0.0
p1;7;1;5275.618
p2;7;1;0.0
p3;7;1;19671.963000000003
p4;7;1;0.0
p5;7;1;0.0
p6;7;1;0.0
p7;7;1;15436.75
p8;7;1;0.0
p9;7;1;0.0
p10;7;1;0.0
p11;7;1;0.0
p12;7;1;24538.500000000004
p13;7;1;0.0
p14;7;1;0.0
p15;7;1;23273.136000000002
p16;7;1;0.0
p17;7;1;14681.896
p18;7;1;0.0
p19;7;1;0.0
p20;7;1;0.0
p21;7;1;0.0
p22;7;1;0.0
p23;7;1;-0.0
p24;7;1;47195.35199999999
p25;7;1;0.0
p26;7;1;0.0
p27;7;1;0.0
p28;7;1;0.0
p1;8;1;6679.285000000001
p2;8;1;0.0
p3;8;1;15846.633000000002
p4;8;1;0.0
p5;8;1;0.0
p6;8;1;0.0
p7;8;1;13310.889
p8;8;1;0.0
p9;8;1;0.0
p10;8;1;0.0
p11;8;1;4473.870999999999
p12;8;1;20719.500000000004
p13;8;1;0.0
p14;8;1;0.0
p15;8;1;24309.399000000005
p16;8;1;0.0
p17;8;1;24533.22
p18;8;1;0.0
p19;8;1;0.0
p20;8;1;0.0
p21;8;1;0.0
p22;8;1;0.0
p23;8;1;-0.0
p24;8;1;39367.511999999995
p25;8;1;0.0
p26;8;1;0.0
p27;8;1;0.0
p28;8;1;0.0
p1;9;1;7540.472000000001
p2;9;1;0.0
p3;9;1;20518.419
p4;9;1;0.0
p5;9;1;0.0
p6;9;1;0.0
p7;9;1;6342.299
p8;9;1;0.0
p9;9;1;2035.8000000000004
p10;9;1;0.0
p11;9;1;0.0
p12;9;1;0.0
p13;9;1;0.0
p14;9;1;0.0
p15;9;1;46213.52700000001
p16;9;1;0.0
p17;9;1;24751.927
p18;9;1;0.0
p19;9;1;0.0
p20;9;1;0.0
p21;9;1;0.0
p22;9;1;0.0
p23;9;1;-0.0
p24;9;1;32442.047999999995
p25;9;1;0.0
p26;9;1;0.0
p27;9;1;0.0
p28;9;1;0.0
p1;10;1;4929.787
p2;10;1;0.0
p3;10;1;13999.080000000002
p4;10;1;0.0
p5;10;1;0.0
p6;10;1;0.0
p7;10;1;18224.185999999998
p8;10;1;0.0
p9;10;1;0.0
p10;10;1;0.0
p11;10;1;0.0
p12;10;1;10972.500000000002
p13;10;1;0.0
p14;10;1;0.0
p15;10;1;0.0
p16;10;1;0.0
p17;10;1;11686.561
p18;10;1;0.0
p19;10;1;0.0
p20;10;1;0.0
p21;10;1;0.0
p22;10;1;0.0
p23;10;1;-0.0
p24;10;1;92281.53599999998
p25;10;1;0.0
p26;10;1;0.0
p27;10;1;0.0
p28;10;1;0.0
p1;11;1;7974.456000000001
p2;11;1;0.0
p3;11;1;20697.477000000003
p4;11;1;0.0
p5;11;1;0.0
p6;11;1;0.0
p7;11;1;2117.04
p8;11;1;0.0
p9;11;1;0.0
p10;11;1;0.0
p11;11;1;18256.487999999998
p12;11;1;6996.750000000001
p13;11;1;0.0
p14;11;1;0.0
p15;11;1;18966.465000000004
p16;11;1;0.0
p17;11;1;67884.751
p18;11;1;0.0
p19;11;1;0.0
p20;11;1;0.0
p21;11;1;0.0
p22;11;1;0.0
p23;11;1;-0.0
p24;11;1;0.0
p25;11;1;0.0
p26;11;1;0.0
p27;11;1;0.0
p28;11;1;0.0
p1;12;1;16064.189000000002
p2;12;1;0.0
p3;12;1;33386.17800000001
p4;12;1;0.0
p5;12;1;0.0
p6;12;1;0.0
p7;12;1;0.0
p8;12;1;0.0
p9;12;1;0.0
p10;12;1;0.0
p11;12;1;11294.267999999998
p12;12;1;0.0
p13;12;1;0.0
p14;12;1;0.0
p15;12;1;9602.070000000002
p16;12;1;0.0
p17;12;1;1321.751
p18;12;1;0.0
p19;12;1;0.0
p20;12;1;0.0
p21;12;1;0.0
p22;12;1;0.0
p23;12;1;-0.0
p24;12;1;70711.48799999998
p25;12;1;0.0
p26;12;1;0.0
p27;12;1;0.0
p28;12;1;0.0
p1;13;1;0.0
p2;13;1;0.0
p3;13;1;41891.433000000005
p4;13;1;8.818
p5;13;1;0.0
p6;13;1;0.0
p7;13;1;3669.536
p8;13;1;0.0
p9;13;1;0.0
p10;13;1;0.0
p11;13;1;6614.1089999999995
p12;13;1;16373.250000000002
p13;13;1;0.0
p14;13;1;0.0
p15;13;1;31658.310000000005
p16;13;1;0.0
p17;13;1;0.0
p18;13;1;0.0
p19;13;1;0.0
p20;13;1;0.0
p21;13;1;51314.868
p22;13;1;0.0
p23;13;1;-0.0
p24;13;1;0.0
p25;13;1;0.0
p26;13;1;0.0
p27;13;1;0.0
p28;13;1;0.0
p1;14;1;8143.981000000001
p2;14;1;-0.0
p3;14;1;-0.0
p4;14;1;-0.0
p5;14;1;-0.0
p6;14;1;-0.0
p7;14;1;31490.969999999998
p8;14;1;-0.0
p9;14;1;-0.0
p10;14;1;-0.0
p11;14;1;-0.0
p12;14;1;44004.00000000001
p13;14;1;-0.0
p14;14;1;-0.0
p15;14;1;19403.787000000004
p16;14;1;-0.0
p17;14;1;5819.508
p18;14;1;-0.0
p19;14;1;-0.0
p20;14;1;-0.0
p21;14;1;-0.0
p22;14;1;-0.0
p23;14;1;-0.0
p24;14;1;48793.53599999999
p25;14;1;-0.0
p26;14;1;-0.0
p27;14;1;-0.0
p28;14;1;-0.0
p1;15;1;1796.9650000000001
p2;15;1;-0.0
p3;15;1;24360.027000000002
p4;15;1;-0.0
p5;15;1;-0.0
p6;15;1;-0.0
p7;15;1;-0.0
p8;15;1;-0.0
p9;15;1;-0.0
p10;15;1;-0.0
p11;15;1;2591.493
p12;15;1;23113.500000000004
p13;15;1;-0.0
p14;15;1;-0.0
p15;15;1;15097.116000000002
p16;15;1;-0.0
p17;15;1;25122.778000000002
p18;15;1;-0.0
p19;15;1;-0.0
p20;15;1;-0.0
p21;15;1;-0.0
p22;15;1;-0.0
p23;15;1;-0.0
p24;15;1;61850.80799999999
p25;15;1;-0.0
p26;15;1;-0.0
p27;15;1;-0.0
p28;15;1;-0.0
p1;16;1;8252.477
p2;16;1;0.0
p3;16;1;0.0
p4;16;1;0.0
p5;16;1;0.0
p6;16;1;0.0
p7;16;1;52899.537
p8;16;1;0.0
p9;16;1;0.0
p10;16;1;0.0
p11;16;1;0.0
p12;16;1;0.0
p13;16;1;0.0
p14;16;1;0.0
p15;16;1;37219.905000000006
p16;16;1;0.0
p17;16;1;22174.988
p18;16;1;0.0
p19;16;1;0.0
p20;16;1;0.0
p21;16;1;0.0
p22;16;1;0.0
p23;16;1;-0.0
p24;16;1;16732.007999999998
p25;16;1;0.0
p26;16;1;0.0
p27;16;1;0.0
p28;16;1;0.0
p1;17;1;1383.324
p2;17;1;0.0
p3;17;1;9050.568000000001
p4;17;1;0.0
p5;17;1;0.0
p6;17;1;0.0
p7;17;1;1755.379
p8;17;1;0.0
p9;17;1;0.0
p10;17;1;0.0
p11;17;1;13847.081999999999
p12;17;1;2864.2500000000005
p13;17;1;0.0
p14;17;1;0.0
p15;17;1;48732.882000000005
p16;17;1;0.0
p17;17;1;24913.58
p18;17;1;0.0
p19;17;1;0.0
p20;17;1;0.0
p21;17;1;0.0
p22;17;1;0.0
p23;17;1;-0.0
p24;17;1;48532.60799999999
p25;17;1;0.0
p26;17;1;0.0
p27;17;1;0.0
p28;17;1;0.0
p1;18;1;12795.747000000001
p2;18;1;0.0
p3;18;1;34875.615000000005
p4;18;1;0.0
p5;18;1;0.0
p6;18;1;0.0
p7;18;1;0.0
p8;18;1;0.0
p9;18;1;0.0
p10;18;1;0.0
p11;18;1;0.0
p12;18;1;12568.500000000002
p13;18;1;0.0
p14;18;1;0.0
p15;18;1;0.0
p16;18;1;0.0
p17;18;1;9166.676
p18;18;1;0.0
p19;18;1;0.0
p20;18;1;0.0
p21;18;1;25149.366
p22;18;1;0.0
p23;18;1;-0.0
p24;18;1;52229.08799999999
p25;18;1;0.0
p26;18;1;0.0
p27;18;1;0.0
p28;18;1;0.0
p1;19;1;6116.462
p2;19;1;0.0
p3;19;1;0.0
p4;19;1;0.0
p5;19;1;0.0
p6;19;1;0.0
p7;19;1;25880.814
p8;19;1;0.0
p9;19;1;0.0
p10;19;1;0.0
p11;19;1;0.0
p12;19;1;30751.500000000004
p13;19;1;0.0
p14;19;1;0.0
p15;19;1;20753.781000000003
p16;19;1;0.0
p17;19;1;24732.909
p18;19;1;0.0
p19;19;1;0.0
p20;19;1;0.0
p21;19;1;0.0
p22;19;1;0.0
p23;19;1;-0.0
p24;19;1;45901.583999999995
p25;19;1;0.0
p26;19;1;0.0
p27;19;1;0.0
p28;19;1;0.0
p1;20;1;1118.865
p2;20;1;0.0
p3;20;1;4272.975
p4;20;1;0.0
p5;20;1;0.0
p6;20;1;0.0
p7;20;1;0.0
p8;20;1;12654.0
p9;20;1;0.0
p10;20;1;0.0
p11;20;1;0.0
p12;20;1;12825.000000000002
p13;20;1;0.0
p14;20;1;0.0
p15;20;1;15914.718000000003
p16;20;1;0.0
p17;20;1;49389.746
p18;20;1;0.0
p19;20;1;0.0
p20;20;1;0.0
p21;20;1;0.0
p22;20;1;0.0
p23;20;1;-0.0
p24;20;1;56643.11999999999
p25;20;1;0.0
p26;20;1;0.0
p27;20;1;0.0
p28;20;1;0.0
p1;21;1;0.0
p2;21;1;0.0
p3;21;1;21193.956000000002
p4;21;1;0.0
p5;21;1;0.0
p6;21;1;0.0
p7;21;1;14775.175
p8;21;1;0.0
p9;21;1;0.0
p10;21;1;0.0
p11;21;1;0.0
p12;21;1;14050.500000000002
p13;21;1;0.0
p14;21;1;0.0
p15;21;1;38893.137
p16;21;1;0.0
p17;21;1;0.0
p18;21;1;0.0
p19;21;1;0.0
p20;21;1;0.0
p21;21;1;0.0
p22;21;1;0.0
p23;21;1;-0.0
p24;21;1;61361.56799999999
p25;21;1;0.0
p26;21;1;0.0
p27;21;1;0.0
p28;21;1;0.0
p1;1;2;6387.702
p2;1;2;0.0
p3;1;2;16294.278000000002
p4;1;2;0.0
p5;1;2;0.0
p6;1;2;0.0
p7;1;2;13213.858
p8;1;2;9.5
p9;1;2;0.0
p10;1;2;0.0
p11;1;2;1676.09
p12;1;2;0.0
p13;1;2;0.0
p14;1;2;0.0
p15;1;2;25849.533000000003
p16;1;2;0.0
p17;1;2;20720.111
p18;1;2;0.0
p19;1;2;0.0
p20;1;2;0.0
p21;1;2;18867.798000000003
p22;1;2;0.0
p23;1;2;-0.0
p24;1;2;37769.327999999994
p25;1;2;0.0
p26;1;2;0.0
p27;1;2;4007.4990000000003
p28;1;2;0.0
p1;2;2;4482.241
p2;2;2;0.0
p3;2;2;17995.329
p4;2;2;0.0
p5;2;2;0.0
p6;2;2;0.0
p7;2;2;8432.876
p8;2;2;0.0
p9;2;2;0.0
p10;2;2;0.0
p11;2;2;2488.3489999999997
p12;2;2;0.0
p13;2;2;0.0
p14;2;2;0.0
p15;2;2;29880.501000000004
p16;2;2;0.0
p17;2;2;22726.510000000002
p18;2;2;0.0
p19;2;2;0.0
p20;2;2;0.0
p21;2;2;16881.714
p22;2;2;0.0
p23;2;2;-0.0
p24;2;2;30724.271999999994
p25;2;2;0.0
p26;2;2;0.0
p27;2;2;11023.002
p28;2;2;0.0
p1;3;2;6997.992
p2;3;2;-0.0
p3;3;2;8635.479000000001
p4;3;2;-0.0
p5;3;2;-0.0
p6;3;2;-0.0
p7;3;2;19026.897
p8;3;2;-0.0
p9;3;2;-0.0
p10;3;2;-0.0
p11;3;2;8883.277
p12;3;2;7937.250000000001
p13;3;2;-0.0
p14;3;2;-0.0
p15;3;2;25222.071000000004
p16;3;2;-0.0
p17;3;2;19236.707000000002
p18;3;2;-0.0
p19;3;2;-0.0
p20;3;2;-0.0
p21;3;2;8383.122000000001
p22;3;2;-0.0
p23;3;2;-0.0
p24;3;2;44596.943999999996
p25;3;2;-0.0
p26;3;2;-0.0
p27;3;2;-0.0
p28;3;2;-0.0
p1;4;2;14199.414
p2;4;2;0.0
p3;4;2;18849.924000000003
p4;4;2;0.0
p5;4;2;0.0
p6;4;2;0.0
p7;4;2;5248.495
p8;4;2;0.0
p9;4;2;0.0
p10;4;2;0.0
p11;4;2;7310.330999999999
p12;4;2;0.0
p13;4;2;0.0
p14;4;2;0.0
p15;4;2;27247.062000000005
p16;4;2;0.0
p17;4;2;22755.037
p18;4;2;0.0
p19;4;2;0.0
p20;4;2;0.0
p21;4;2;0.0
p22;4;2;0.0
p23;4;2;-0.0
p24;4;2;45325.367999999995
p25;4;2;0.0
p26;4;2;0.0
p27;4;2;0.0
p28;4;2;0.0
p1;5;2;0.0
p2;5;2;0.0
p3;5;2;19558.017000000003
p4;5;2;0.0
p5;5;2;0.0
p6;5;2;0.0
p7;5;2;10100.045
p8;5;2;0.0
p9;5;2;0.0
p10;5;2;0.0
p11;5;2;0.0
p12;5;2;0.0
p13;5;2;0.0
p14;5;2;0.0
p15;5;2;35090.33700000001
p16;5;2;0.0
p17;5;2;20615.512000000002
p18;5;2;0.0
p19;5;2;0.0
p20;5;2;0.0
p21;5;2;0.0
p22;5;2;0.0
p23;5;2;-0.0
p24;5;2;60807.09599999999
p25;5;2;0.0
p26;5;2;0.0
p27;5;2;0.0
p28;5;2;0.0
p1;6;2;3098.9170000000004
p2;6;2;0.0
p3;6;2;23643.795000000002
p4;6;2;0.0
p5;6;2;0.0
p6;6;2;0.0
p7;6;2;10620.484
p8;6;2;0.0
p9;6;2;0.0
p10;6;2;0.0
p11;6;2;0.0
p12;6;2;0.0
p13;6;2;0.0
p14;6;2;0.0
p15;6;2;46783.94700000001
p16;6;2;0.0
p17;6;2;23287.541
p18;6;2;0.0
p19;6;2;0.0
p20;6;2;0.0
p21;6;2;0.0
p22;6;2;0.0
p23;6;2;-0.0
p24;6;2;33311.808
p25;6;2;0.0
p26;6;2;0.0
p27;6;2;0.0
p28;6;2;0.0
p1;7;2;15121.630000000001
p2;7;2;0.0
p3;7;2;16619.838000000003
p4;7;2;0.0
p5;7;2;0.0
p6;7;2;0.0
p7;7;2;20835.202
p8;7;2;0.0
p9;7;2;0.0
p10;7;2;0.0
p11;7;2;6382.035
p12;7;2;0.0
p13;7;2;0.0
p14;7;2;0.0
p15;7;2;0.0
p16;7;2;0.0
p17;7;2;17173.254
p18;7;2;0.0
p19;7;2;0.0
p20;7;2;0.0
p21;7;2;20553.66
p22;7;2;0.0
p23;7;2;-0.0
p24;7;2;46586.51999999999
p25;7;2;0.0
p26;7;2;0.0
p27;7;2;0.0
p28;7;2;0.0
p1;8;2;2271.635
p2;8;2;0.0
p3;8;2;14145.582000000002
p4;8;2;0.0
p5;8;2;0.0
p6;8;2;0.0
p7;8;2;7877.152999999999
p8;8;2;0.0
p9;8;2;0.0
p10;8;2;0.0
p11;8;2;0.0
p12;8;2;0.0
p13;8;2;0.0
p14;8;2;0.0
p15;8;2;0.0
p16;8;2;0.0
p17;8;2;23991.207000000002
p18;8;2;0.0
p19;8;2;0.0
p20;8;2;0.0
p21;8;2;59432.409
p22;8;2;0.0
p23;8;2;-0.0
p24;8;2;27147.383999999995
p25;8;2;0.0
p26;8;2;0.0
p27;8;2;17771.973
p28;8;2;0.0
p1;9;2;7092.926
p2;9;2;0.0
p3;9;2;16481.475000000002
p4;9;2;0.0
p5;9;2;0.0
p6;9;2;0.0
p7;9;2;28227.2
p8;9;2;0.0
p9;9;2;0.0
p10;9;2;0.0
p11;9;2;0.0
p12;9;2;26932.500000000004
p13;9;2;0.0
p14;9;2;0.0
p15;9;2;26467.488000000005
p16;9;2;0.0
p17;9;2;24542.729
p18;9;2;0.0
p19;9;2;0.0
p20;9;2;0.0
p21;9;2;2909.844
p22;9;2;0.0
p23;9;2;-0.0
p24;9;2;13285.583999999997
p25;9;2;0.0
p26;9;2;0.0
p27;9;2;0.0
p28;9;2;0.0
p1;10;2;4929.787
p2;10;2;-0.0
p3;10;2;23432.181000000004
p4;10;2;-0.0
p5;10;2;-0.0
p6;10;2;-0.0
p7;10;2;-0.0
p8;10;2;-0.0
p9;10;2;-0.0
p10;10;2;-0.0
p11;10;2;9914.716999999999
p12;10;2;-0.0
p13;10;2;-0.0
p14;10;2;-0.0
p15;10;2;45766.698000000004
p16;10;2;-0.0
p17;10;2;24362.058
p18;10;2;-0.0
p19;10;2;-0.0
p20;10;2;-0.0
p21;10;2;-0.0
p22;10;2;-0.0
p23;10;2;-0.0
p24;10;2;35323.128
p25;10;2;-0.0
p26;10;2;-0.0
p27;10;2;-0.0
p28;10;2;-0.0
p1;11;2;7648.968000000001
p2;11;2;0.0
p3;11;2;9473.796000000002
p4;11;2;0.0
p5;11;2;0.0
p6;11;2;0.0
p7;11;2;20491.183
p8;11;2;0.0
p9;11;2;0.0
p10;11;2;0.0
p11;11;2;4989.590999999999
p12;11;2;0.0
p13;11;2;0.0
p14;11;2;0.0
p15;11;2;0.0
p16;11;2;0.0
p17;11;2;17059.146
p18;11;2;0.0
p19;11;2;0.0
p20;11;2;0.0
p21;11;2;0.0
p22;11;2;0.0
p23;11;2;-0.0
p24;11;2;89193.88799999999
p25;11;2;0.0
p26;11;2;0.0
p27;11;2;0.0
p28;11;2;0.0
p1;12;2;13589.124000000002
p2;12;2;0.0
p3;12;2;9587.742000000002
p4;12;2;0.0
p5;12;2;0.0
p6;12;2;0.0
p7;12;2;14748.712
p8;12;2;0.0
p9;12;2;0.0
p10;12;2;0.0
p11;12;2;0.0
p12;12;2;0.0
p13;12;2;0.0
p14;12;2;0.0
p15;12;2;53590.95900000001
p16;12;2;7.473999999999999
p17;12;2;16849.948
p18;12;2;0.0
p19;12;2;0.0
p20;12;2;0.0
p21;12;2;0.0
p22;12;2;0.0
p23;12;2;-0.0
p24;12;2;27886.679999999997
p25;12;2;0.0
p26;12;2;0.0
p27;12;2;1627.749
p28;12;2;0.0
p1;13;2;901.873
p2;13;2;0.0
p3;13;2;14463.003000000002
p4;13;2;0.0
p5;13;2;0.0
p6;13;2;0.0
p7;13;2;35407.494
p8;13;2;0.0
p9;13;2;0.0
p10;13;2;0.0
p11;13;2;8419.128999999999
p12;13;2;0.0
p13;13;2;0.0
p14;13;2;0.0
p15;13;2;26990.373000000003
p16;13;2;0.0
p17;13;2;11762.633
p18;13;2;0.0
p19;13;2;0.0
p20;13;2;0.0
p21;13;2;0.0
p22;13;2;0.0
p23;13;2;-0.0
p24;13;2;17938.799999999996
p25;13;2;0.0
p26;13;2;0.0
p27;13;2;25672.743
p28;13;2;0.0
p1;14;2;4834.853
p2;14;2;0.0
p3;14;2;18255.777000000002
p4;14;2;0.0
p5;14;2;0.0
p6;14;2;0.0
p7;14;2;0.0
p8;14;2;0.0
p9;14;2;0.0
p10;14;2;0.0
p11;14;2;0.0
p12;14;2;19109.250000000004
p13;14;2;0.0
p14;14;2;0.0
p15;14;2;4601.388000000001
p16;14;2;0.0
p17;14;2;31712.515
p18;14;2;0.0
p19;14;2;0.0
p20;14;2;0.0
p21;14;2;0.0
p22;14;2;0.0
p23;14;2;-0.0
p24;14;2;74842.84799999998
p25;14;2;0.0
p26;14;2;0.0
p27;14;2;0.0
p28;14;2;0.0
p1;15;2;13345.008000000002
p2;15;2;0.0
p3;15;2;14235.111000000003
p4;15;2;0.0
p5;15;2;6237.2750000000015
p6;15;2;0.0
p7;15;2;2672.763
p8;15;2;0.0
p9;15;2;0.0
p10;15;2;0.0
p11;15;2;0.0
p12;15;2;0.0
p13;15;2;0.0
p14;15;2;0.0
p15;15;2;77757.75300000001
p16;15;2;0.0
p17;15;2;14311.045
p18;15;2;0.0
p19;15;2;0.0
p20;15;2;0.0
p21;15;2;7886.601000000001
p22;15;2;0.0
p23;15;2;-0.0
p24;15;2;0.0
p25;15;2;0.0
p26;15;2;0.0
p27;15;2;0.0
p28;15;2;0.0
p1;16;2;1552.8490000000002
p2;16;2;0.0
p3;16;2;12281.751000000002
p4;16;2;0.0
p5;16;2;0.0
p6;16;2;0.0
p7;16;2;21779.049
p8;16;2;0.0
p9;16;2;0.0
p10;16;2;0.0
p11;16;2;12312.814999999999
p12;16;2;12027.000000000002
p13;16;2;0.0
p14;16;2;0.0
p15;16;2;0.0
p16;16;2;0.0
p17;16;2;10916.332
p18;16;2;0.0
p19;16;2;0.0
p20;16;2;0.0
p21;16;2;44559.873
p22;16;2;0.0
p23;16;2;-0.0
p24;16;2;43346.66399999999
p25;16;2;0.0
p26;16;2;0.0
p27;16;2;0.0
p28;16;2;0.0
p1;17;2;13128.016000000001
p2;17;2;0.0
p3;17;2;31099.119000000006
p4;17;2;0.0
p5;17;2;0.0
p6;17;2;0.0
p7;17;2;0.0
p8;17;2;19.0
p9;17;2;0.0
p10;17;2;0.0
p11;17;2;451.25499999999994
p12;17;2;0.0
p13;17;2;0.0
p14;17;2;0.0
p15;17;2;33664.287000000004
p16;17;2;0.0
p17;17;2;12428.263
p18;17;2;0.0
p19;17;2;0.0
p20;17;2;0.0
p21;17;2;0.0
p22;17;2;0.0
p23;17;2;-0.0
p24;17;2;47380.17599999999
p25;17;2;0.0
p26;17;2;0.0
p27;17;2;0.0
p28;17;2;0.0
p1;18;2;0.0
p2;18;2;0.0
p3;18;2;13429.350000000002
p4;18;2;0.0
p5;18;2;0.0
p6;18;2;0.0
p7;18;2;17597.895
p8;18;2;0.0
p9;18;2;0.0
p10;18;2;0.0
p11;18;2;0.0
p12;18;2;0.0
p13;18;2;0.0
p14;18;2;0.0
p15;18;2;2433.7920000000004
p16;18;2;0.0
p17;18;2;31541.353000000003
p18;18;2;0.0
p19;18;2;0.0
p20;18;2;0.0
p21;18;2;0.0
p22;18;2;0.0
p23;18;2;-0.0
p24;18;2;84605.90399999998
p25;18;2;0.0
p26;18;2;0.0
p27;18;2;0.0
p28;18;2;0.0
p1;19;2;3932.9800000000005
p2;19;2;0.0
p3;19;2;15586.185000000001
p4;19;2;0.0
p5;19;2;0.0
p6;19;2;0.0
p7;19;2;12746.345
p8;19;2;0.0
p9;19;2;0.0
p10;19;2;0.0
p11;19;2;0.0
p12;19;2;0.0
p13;19;2;0.0
p14;19;2;0.0
p15;19;2;74420.79600000002
p16;19;2;0.0
p17;19;2;24114.824
p18;19;2;0.0
p19;19;2;0.0
p20;19;2;0.0
p21;19;2;8036.712
p22;19;2;0.0
p23;19;2;-0.0
p24;19;2;0.0
p25;19;2;0.0
p26;19;2;0.0
p27;19;2;0.0
p28;19;2;0.0
p1;20;2;4767.043000000001
p2;20;2;0.0
p3;20;2;13876.995000000003
p4;20;2;0.0
p5;20;2;0.0
p6;20;2;0.0
p7;20;2;29788.517
p8;20;2;0.0
p9;20;2;0.0
p10;20;2;0.0
p11;20;2;3300.6079999999997
p12;20;2;0.0
p13;20;2;0.0
p14;20;2;0.0
p15;20;2;4430.262000000001
p16;20;2;0.0
p17;20;2;3242.569
p18;20;2;0.0
p19;20;2;0.0
p20;20;2;0.0
p21;20;2;60968.16
p22;20;2;0.0
p23;20;2;-0.0
p24;20;2;31224.383999999995
p25;20;2;0.0
p26;20;2;0.0
p27;20;2;0.0
p28;20;2;0.0
p1;21;2;7743.902000000001
p2;21;2;0.0
p3;21;2;32637.390000000003
p4;21;2;0.0
p5;21;2;0.0
p6;21;2;0.0
p7;21;2;0.0
p8;21;2;0.0
p9;21;2;0.0
p10;21;2;0.0
p11;21;2;0.0
p12;21;2;5101.500000000001
p13;21;2;0.0
p14;21;2;0.0
p15;21;2;0.0
p16;21;2;0.0
p17;21;2;16060.701000000001
p18;21;2;0.0
p19;21;2;0.0
p20;21;2;0.0
p21;21;2;0.0
p22;21;2;0.0
p23;21;2;-0.0
p24;21;2;84812.47199999998
p25;21;2;0.0
p26;21;2;0.0
p27;21;2;0.0
p28;21;2;0.0
p1;1;3;6387.702
p2;1;3;0.0
p3;1;3;16294.278000000002
p4;1;3;0.0
p5;1;3;0.0
p6;1;3;0.0
p7;1;3;13213.858
p8;1;3;9.5
p9;1;3;0.0
p10;1;3;0.0
p11;1;3;1676.09
p12;1;3;0.0
p13;1;3;0.0
p14;1;3;0.0
p15;1;3;25849.533000000003
p16;1;3;0.0
p17;1;3;20720.111
p18;1;3;0.0
p19;1;3;0.0
p20;1;3;0.0
p21;1;3;18867.798000000003
p22;1;3;0.0
p23;1;3;-0.0
p24;1;3;37769.327999999994
p25;1;3;0.0
p26;1;3;0.0
p27;1;3;4007.4990000000003
p28;1;3;0.0
p1;2;3;4821.291
p2;2;3;0.0
p3;2;3;18003.468
p4;2;3;0.0
p5;2;3;0.0
p6;2;3;0.0
p7;2;3;7171.473
p8;2;3;0.0
p9;2;3;0.0
p10;2;3;0.0
p11;2;3;1792.127
p12;2;3;0.0
p13;2;3;0.0
p14;2;3;0.0
p15;2;3;26610.093000000004
p16;2;3;0.0
p17;2;3;21499.849000000002
p18;2;3;0.0
p19;2;3;0.0
p20;2;3;0.0
p21;2;3;22528.197
p22;2;3;0.0
p23;2;3;-0.0
p24;2;3;31876.703999999994
p25;2;3;0.0
p26;2;3;0.0
p27;2;3;11251.458
p28;2;3;0.0
p1;3;3;6184.272000000001
p2;3;3;0.0
p3;3;3;18540.642000000003
p4;3;3;0.0
p5;3;3;0.0
p6;3;3;0.0
p7;3;3;14060.673999999999
p8;3;3;0.0
p9;3;3;0.0
p10;3;3;0.0
p11;3;3;1727.6619999999998
p12;3;3;0.0
p13;3;3;8.827
p14;3;3;0.0
p15;3;3;28891.773000000005
p16;3;3;0.0
p17;3;3;23496.739
p18;3;3;0.0
p19;3;3;0.0
p20;3;3;0.0
p21;3;3;0.0
p22;3;3;0.0
p23;3;3;-0.0
p24;3;3;40313.376
p25;3;3;0.0
p26;3;3;0.0
p27;3;3;8214.897
p28;3;3;0.0
p1;4;3;6604.694
p2;4;3;0.0
p3;4;3;18109.275
p4;4;3;0.0
p5;4;3;0.0
p6;4;3;0.0
p7;4;3;11511.404999999999
p8;4;3;0.0
p9;4;3;0.0
p10;4;3;0.0
p11;4;3;464.14799999999997
p12;4;3;7053.750000000001
p13;4;3;0.0
p14;4;3;0.0
p15;4;3;27313.611000000004
p16;4;3;0.0
p17;4;3;11353.746000000001
p18;4;3;0.0
p19;4;3;0.0
p20;4;3;0.0
p21;4;3;7528.644
p22;4;3;0.0
p23;4;3;-0.0
p24;4;3;57034.51199999999
p25;4;3;0.0
p26;4;3;0.0
p27;4;3;0.0
p28;4;3;0.0
p1;5;3;7092.926
p2;5;3;0.0
p3;5;3;17254.680000000004
p4;5;3;0.0
p5;5;3;0.0
p6;5;3;0.0
p7;5;3;11405.553
p8;5;3;0.0
p9;5;3;0.0
p10;5;3;0.0
p11;5;3;1830.8059999999998
p12;5;3;0.0
p13;5;3;0.0
p14;5;3;0.0
p15;5;3;38969.19300000001
p16;5;3;0.0
p17;5;3;22403.204
p18;5;3;0.0
p19;5;3;0.0
p20;5;3;0.0
p21;5;3;0.0
p22;5;3;0.0
p23;5;3;-0.0
p24;5;3;42879.16799999999
p25;5;3;0.0
p26;5;3;0.0
p27;5;3;0.0
p28;5;3;0.0
p1;6;3;2725.9620000000004
p2;6;3;0.0
p3;6;3;6576.312000000001
p4;6;3;0.0
p5;6;3;6288.1500000000015
p6;6;3;0.0
p7;6;3;21734.944
p8;6;3;0.0
p9;6;3;0.0
p10;6;3;0.0
p11;6;3;0.0
p12;6;3;0.0
p13;6;3;0.0
p14;6;3;0.0
p15;6;3;8984.115000000002
p16;6;3;0.0
p17;6;3;22916.690000000002
p18;6;3;0.0
p19;6;3;0.0
p20;6;3;0.0
p21;6;3;19052.55
p22;6;3;0.0
p23;6;3;-0.0
p24;6;3;62003.01599999999
p25;6;3;0.0
p26;6;3;0.0
p27;6;3;0.0
p28;6;3;0.0
p1;7;3;4550.051
p2;7;3;0.0
p3;7;3;9514.491000000002
p4;7;3;0.0
p5;7;3;0.0
p6;7;3;0.0
p7;7;3;28915.237999999998
p8;7;3;0.0
p9;7;3;0.0
p10;7;3;0.0
p11;7;3;2475.4559999999997
p12;7;3;0.0
p13;7;3;0.0
p14;7;3;0.0
p15;7;3;42971.64000000001
p16;7;3;0.0
p17;7;3;17097.182
p18;7;3;0.0
p19;7;3;0.0
p20;7;3;0.0
p21;7;3;1870.614
p22;7;3;0.0
p23;7;3;-0.0
p24;7;3;32159.375999999993
p25;7;3;0.0
p26;7;3;0.0
p27;7;3;2398.788
p28;7;3;0.0
p1;8;3;7560.8150000000005
p2;8;3;0.0
p3;8;3;9180.792000000001
p4;8;3;0.0
p5;8;3;13186.800000000003
p6;8;3;0.0
p7;8;3;0.0
p8;8;3;0.0
p9;8;3;0.0
p10;8;3;0.0
p11;8;3;14130.728
p12;8;3;0.0
p13;8;3;0.0
p14;8;3;0.0
p15;8;3;13537.968000000003
p16;8;3;0.0
p17;8;3;19750.193
p18;8;3;0.0
p19;8;3;0.0
p20;8;3;0.0
p21;8;3;0.0
p22;8;3;0.0
p23;8;3;-0.0
p24;8;3;74625.40799999998
p25;8;3;0.0
p26;8;3;0.0
p27;8;3;0.0
p28;8;3;0.0
p1;9;3;2990.4210000000003
p2;9;3;0.0
p3;9;3;9734.244
p4;9;3;0.0
p5;9;3;0.0
p6;9;3;0.0
p7;9;3;34551.856999999996
p8;9;3;0.0
p9;9;3;0.0
p10;9;3;0.0
p11;9;3;0.0
p12;9;3;0.0
p13;9;3;0.0
p14;9;3;0.0
p15;9;3;25345.662000000004
p16;9;3;0.0
p17;9;3;17040.128
p18;9;3;0.0
p19;9;3;0.0
p20;9;3;0.0
p21;9;3;57596.436
p22;9;3;0.0
p23;9;3;-0.0
p24;9;3;0.0
p25;9;3;0.0
p26;9;3;0.0
p27;9;3;0.0
p28;9;3;0.0
p1;10;3;15128.411000000002
p2;10;3;0.0
p3;10;3;19956.828
p4;10;3;0.0
p5;10;3;0.0
p6;10;3;0.0
p7;10;3;0.0
p8;10;3;0.0
p9;10;3;0.0
p10;10;3;0.0
p11;10;3;15342.669999999998
p12;10;3;9348.000000000002
p13;10;3;0.0
p14;10;3;0.0
p15;10;3;12321.072000000002
p16;10;3;0.0
p17;10;3;35211.827000000005
p18;10;3;0.0
p19;10;3;0.0
p20;10;3;0.0
p21;10;3;12320.649000000001
p22;10;3;0.0
p23;10;3;-0.0
p24;10;3;26147.159999999996
p25;10;3;0.0
p26;10;3;0.0
p27;10;3;0.0
p28;10;3;0.0
p1;11;3;4936.568
p2;11;3;0.0
p3;11;3;19883.577
p4;11;3;0.0
p5;11;3;0.0
p6;11;3;0.0
p7;11;3;13346.172999999999
p8;11;3;0.0
p9;11;3;0.0
p10;11;3;0.0
p11;11;3;0.0
p12;11;3;7809.000000000001
p13;11;3;0.0
p14;11;3;0.0
p15;11;3;23872.077000000005
p16;11;3;0.0
p17;11;3;7920.997
p18;11;3;0.0
p19;11;3;0.0
p20;11;3;0.0
p21;11;3;0.0
p22;11;3;0.0
p23;11;3;-0.0
p24;11;3;69841.72799999999
p25;11;3;0.0
p26;11;3;0.0
p27;11;3;0.0
p28;11;3;0.0
p1;12;3;11826.064
p2;12;3;0.0
p3;12;3;25930.854000000003
p4;12;3;0.0
p5;12;3;0.0
p6;12;3;0.0
p7;12;3;0.0
p8;12;3;0.0
p9;12;3;0.0
p10;12;3;0.0
p11;12;3;0.0
p12;12;3;23042.250000000004
p13;12;3;0.0
p14;12;3;0.0
p15;12;3;28986.843000000004
p16;12;3;0.0
p17;12;3;24942.107
p18;12;3;0.0
p19;12;3;0.0
p20;12;3;0.0
p21;12;3;0.0
p22;12;3;0.0
p23;12;3;-0.0
p24;12;3;30235.031999999996
p25;12;3;0.0
p26;12;3;0.0
p27;12;3;0.0
p28;12;3;0.0
p1;13;3;5580.763000000001
p2;13;3;0.0
p3;13;3;0.0
p4;13;3;0.0
p5;13;3;2818.475000000001
p6;13;3;0.0
p7;13;3;35636.84
p8;13;3;0.0
p9;13;3;0.0
p10;13;3;0.0
p11;13;3;14233.872
p12;13;3;0.0
p13;13;3;0.0
p14;13;3;0.0
p15;13;3;14555.217000000002
p16;13;3;0.0
p17;13;3;34108.783
p18;13;3;0.0
p19;13;3;0.0
p20;13;3;0.0
p21;13;3;0.0
p22;13;3;0.0
p23;13;3;-0.0
p24;13;3;39552.335999999996
p25;13;3;0.0
p26;13;3;0.0
p27;13;3;0.0
p28;13;3;0.0
p1;14;3;0.0
p2;14;3;0.0
p3;14;3;36242.967000000004
p4;14;3;0.0
p5;14;3;0.0
p6;14;3;0.0
p7;14;3;15189.761999999999
p8;14;3;0.0
p9;14;3;0.0
p10;14;3;0.0
p11;14;3;16696.434999999998
p12;14;3;0.0
p13;14;3;0.0
p14;14;3;0.0
p15;14;3;24879.819000000003
p16;14;3;0.0
p17;14;3;4279.05
p18;14;3;0.0
p19;14;3;0.0
p20;14;3;0.0
p21;14;3;0.0
p22;14;3;0.0
p23;14;3;-0.0
p24;14;3;48521.73599999999
p25;14;3;0.0
p26;14;3;0.0
p27;14;3;0.0
p28;14;3;0.0
p1;15;3;7994.799000000001
p2;15;3;-0.0
p3;15;3;26093.634000000002
p4;15;3;-0.0
p5;15;3;-0.0
p6;15;3;-0.0
p7;15;3;-0.0
p8;15;3;-0.0
p9;15;3;-0.0
p10;15;3;-0.0
p11;15;3;-0.0
p12;15;3;-0.0
p13;15;3;-0.0
p14;15;3;-0.0
p15;15;3;21248.145000000004
p16;15;3;-0.0
p17;15;3;24799.472
p18;15;3;-0.0
p19;15;3;-0.0
p20;15;3;-0.0
p21;15;3;15138.117
p22;15;3;-0.0
p23;15;3;-0.0
p24;15;3;37943.27999999999
p25;15;3;-0.0
p26;15;3;-0.0
p27;15;3;9242.949
p28;15;3;-0.0
p1;16;3;0.0
p2;16;3;-0.0
p3;16;3;-0.0
p4;16;3;-0.0
p5;16;3;6013.425000000001
p6;16;3;-0.0
p7;16;3;23596.175
p8;16;3;-0.0
p9;16;3;-0.0
p10;16;3;-0.0
p11;16;3;15806.818
p12;16;3;-0.0
p13;16;3;-0.0
p14;16;3;-0.0
p15;16;3;52526.17500000001
p16;16;3;-0.0
p17;16;3;14900.603000000001
p18;16;3;-0.0
p19;16;3;-0.0
p20;16;3;-0.0
p21;16;3;-0.0
p22;16;3;-0.0
p23;16;3;-0.0
p24;16;3;37138.75199999999
p25;16;3;-0.0
p26;16;3;-0.0
p27;16;3;-0.0
p28;16;3;-0.0
p1;17;3;13650.153000000002
p2;17;3;0.0
p3;17;3;0.0
p4;17;3;0.0
p5;17;3;0.0
p6;17;3;0.0
p7;17;3;25519.153
p8;17;3;0.0
p9;17;3;0.0
p10;17;3;0.0
p11;17;3;9695.536
p12;17;3;8279.250000000002
p13;17;3;0.0
p14;17;3;0.0
p15;17;3;0.0
p16;17;3;0.0
p17;17;3;24333.531000000003
p18;17;3;0.0
p19;17;3;0.0
p20;17;3;0.0
p21;17;3;0.0
p22;17;3;0.0
p23;17;3;-0.0
p24;17;3;67428.14399999999
p25;17;3;0.0
p26;17;3;0.0
p27;17;3;0.0
p28;17;3;0.0
p1;18;3;5072.188
p2;18;3;-0.0
p3;18;3;11500.407000000001
p4;18;3;-0.0
p5;18;3;-0.0
p6;18;3;-0.0
p7;18;3;19564.978
p8;18;3;-0.0
p9;18;3;-0.0
p10;18;3;-0.0
p11;18;3;-0.0
p12;18;3;-0.0
p13;18;3;-0.0
p14;18;3;-0.0
p15;18;3;14355.570000000002
p16;18;3;-0.0
p17;18;3;24637.819
p18;18;3;-0.0
p19;18;3;-0.0
p20;18;3;-0.0
p21;18;3;-0.0
p22;18;3;-0.0
p23;18;3;-0.0
p24;18;3;70885.43999999999
p25;18;3;-0.0
p26;18;3;-0.0
p27;18;3;-0.0
p28;18;3;-0.0
p1;19;3;7567.5960000000005
p2;19;3;0.0
p3;19;3;11687.604000000001
p4;19;3;0.0
p5;19;3;0.0
p6;19;3;0.0
p7;19;3;19176.854
p8;19;3;0.0
p9;19;3;0.0
p10;19;3;0.0
p11;19;3;0.0
p12;19;3;0.0
p13;19;3;0.0
p14;19;3;0.0
p15;19;3;58078.263000000006
p16;19;3;0.0
p17;19;3;28042.041
p18;19;3;0.0
p19;19;3;0.0
p20;19;3;0.0
p21;19;3;7759.584000000001
p22;19;3;0.0
p23;19;3;-0.0
p24;19;3;5914.367999999999
p25;19;3;0.0
p26;19;3;0.0
p27;19;3;0.0
p28;19;3;0.0
p1;20;3;1824.0890000000002
p2;20;3;0.0
p3;20;3;16977.954
p4;20;3;0.0
p5;20;3;4639.800000000001
p6;20;3;0.0
p7;20;3;16636.406
p8;20;3;0.0
p9;20;3;0.0
p10;20;3;0.0
p11;20;3;0.0
p12;20;3;0.0
p13;20;3;0.0
p14;20;3;0.0
p15;20;3;22959.405000000002
p16;20;3;0.0
p17;20;3;24675.855
p18;20;3;0.0
p19;20;3;0.0
p20;20;3;0.0
p21;20;3;0.0
p22;20;3;0.0
p23;20;3;-0.0
p24;20;3;57534.62399999999
p25;20;3;0.0
p26;20;3;13.586
p27;20;3;0.0
p28;20;3;0.0
p1;21;3;7059.021000000001
p2;21;3;0.0
p3;21;3;20917.230000000003
p4;21;3;0.0
p5;21;3;0.0
p6;21;3;0.0
p7;21;3;14898.669
p8;21;3;0.0
p9;21;3;0.0
p10;21;3;0.0
p11;21;3;0.0
p12;21;3;0.0
p13;21;3;0.0
p14;21;3;0.0
p15;21;3;21999.198000000004
p16;21;3;0.0
p17;21;3;15661.323
p18;21;3;0.0
p19;21;3;0.0
p20;21;3;0.0
p21;21;3;43659.207
p22;21;3;0.0
p23;21;3;-0.0
p24;21;3;21287.375999999997
p25;21;3;0.0
p26;21;3;0.0
p27;21;3;0.0
p28;21;3;0.0
p1;1;4;6387.702
p2;1;4;0.0
p3;1;4;16294.278000000002
p4;1;4;0.0
p5;1;4;0.0
p6;1;4;0.0
p7;1;4;13213.858
p8;1;4;9.5
p9;1;4;0.0
p10;1;4;0.0
p11;1;4;1676.09
p12;1;4;0.0
p13;1;4;0.0
p14;1;4;0.0
p15;1;4;25849.533000000003
p16;1;4;0.0
p17;1;4;20720.111
p18;1;4;0.0
p19;1;4;0.0
p20;1;4;0.0
p21;1;4;18867.798000000003
p22;1;4;0.0
p23;1;4;-0.0
p24;1;4;37769.327999999994
p25;1;4;0.0
p26;1;4;0.0
p27;1;4;4007.4990000000003
p28;1;4;0.0
p1;2;4;3966.885
p2;2;4;0.0
p3;2;4;17791.854000000003
p4;2;4;0.0
p5;2;4;0.0
p6;2;4;0.0
p7;2;4;8918.030999999999
p8;2;4;0.0
p9;2;4;0.0
p10;2;4;0.0
p11;2;4;11178.231
p12;2;4;498.75000000000006
p13;2;4;0.0
p14;2;4;0.0
p15;2;4;27066.429000000004
p16;2;4;0.0
p17;2;4;21709.047000000002
p18;2;4;0.0
p19;2;4;0.0
p20;2;4;0.0
p21;2;4;13509.990000000002
p22;2;4;0.0
p23;2;4;-0.0
p24;2;4;43661.95199999999
p25;2;4;0.0
p26;2;4;0.0
p27;2;4;0.0
p28;2;4;0.0
p1;3;4;6760.657
p2;3;4;0.0
p3;3;4;12941.010000000002
p4;3;4;0.0
p5;3;4;0.0
p6;3;4;0.0
p7;3;4;6968.59
p8;3;4;0.0
p9;3;4;0.0
p10;3;4;0.0
p11;3;4;15329.776999999998
p12;3;4;20862.000000000004
p13;3;4;0.0
p14;3;4;0.0
p15;3;4;23301.657000000003
p16;3;4;0.0
p17;3;4;40185.034
p18;3;4;0.0
p19;3;4;0.0
p20;3;4;0.0
p21;3;4;0.0
p22;3;4;0.0
p23;3;4;-0.0
p24;3;4;24929.495999999996
p25;3;4;0.0
p26;3;4;0.0
p27;3;4;0.0
p28;3;4;0.0
p1;4;4;4780.6050000000005
p2;4;4;0.0
p3;4;4;19167.345
p4;4;4;0.0
p5;4;4;0.0
p6;4;4;0.0
p7;4;4;14043.032
p8;4;4;0.0
p9;4;4;0.0
p10;4;4;0.0
p11;4;4;6033.923999999999
p12;4;4;0.0
p13;4;4;0.0
p14;4;4;0.0
p15;4;4;26372.418000000005
p16;4;4;0.0
p17;4;4;8681.717
p18;4;4;0.0
p19;4;4;0.0
p20;4;4;0.0
p21;4;4;0.0
p22;4;4;0.0
p23;4;4;-0.0
p24;4;4;67330.29599999999
p25;4;4;0.0
p26;4;4;0.0
p27;4;4;0.0
p28;4;4;0.0
p1;5;4;7465.881
p2;5;4;0.0
p3;5;4;12900.315000000002
p4;5;4;0.0
p5;5;4;0.0
p6;5;4;0.0
p7;5;4;11917.171
p8;5;4;0.0
p9;5;4;0.0
p10;5;4;0.0
p11;5;4;1650.3039999999999
p12;5;4;15304.500000000002
p13;5;4;0.0
p14;5;4;0.0
p15;5;4;29652.333000000006
p16;5;4;0.0
p17;5;4;24827.999
p18;5;4;0.0
p19;5;4;0.0
p20;5;4;0.0
p21;5;4;0.0
p22;5;4;0.0
p23;5;4;-0.0
p24;5;4;43825.03199999999
p25;5;4;0.0
p26;5;4;0.0
p27;5;4;0.0
p28;5;4;0.0
p1;6;4;6957.3060000000005
p2;6;4;0.0
p3;6;4;19004.565000000002
p4;6;4;0.0
p5;6;4;0.0
p6;6;4;0.0
p7;6;4;14060.673999999999
p8;6;4;0.0
p9;6;4;0.0
p10;6;4;23.072
p11;6;4;12.892999999999999
p12;6;4;0.0
p13;6;4;0.0
p14;6;4;0.0
p15;6;4;17958.723
p16;6;4;0.0
p17;6;4;1293.2240000000002
p18;6;4;0.0
p19;6;4;0.0
p20;6;4;0.0
p21;6;4;19283.49
p22;6;4;0.0
p23;6;4;-0.0
p24;6;4;63394.63199999999
p25;6;4;0.0
p26;6;4;0.0
p27;6;4;4911.804
p28;6;4;0.0
p1;7;4;7248.889000000001
p2;7;4;0.0
p3;7;4;14243.250000000002
p4;7;4;0.0
p5;7;4;0.0
p6;7;4;0.0
p7;7;4;15877.8
p8;7;4;0.0
p9;7;4;1109.5110000000002
p10;7;4;0.0
p11;7;4;0.0
p12;7;4;0.0
p13;7;4;0.0
p14;7;4;0.0
p15;7;4;28311.846000000005
p16;7;4;0.0
p17;7;4;23268.523
p18;7;4;0.0
p19;7;4;0.0
p20;7;4;0.0
p21;7;4;16096.518
p22;7;4;0.0
p23;7;4;-0.0
p24;7;4;37541.015999999996
p25;7;4;0.0
p26;7;4;0.0
p27;7;4;0.0
p28;7;4;0.0
p1;8;4;7343.823
p2;8;4;0.0
p3;8;4;10605.117000000002
p4;8;4;0.0
p5;8;4;0.0
p6;8;4;0.0
p7;8;4;17456.759
p8;8;4;0.0
p9;8;4;0.0
p10;8;4;0.0
p11;8;4;0.0
p12;8;4;0.0
p13;8;4;0.0
p14;8;4;0.0
p15;8;4;29452.686000000005
p16;8;4;0.0
p17;8;4;21946.772
p18;8;4;0.0
p19;8;4;0.0
p20;8;4;0.0
p21;8;4;35553.213
p22;8;4;0.0
p23;8;4;-0.0
p24;8;4;0.0
p25;8;4;0.0
p26;8;4;0.0
p27;8;4;20465.85
p28;8;4;0.0
p1;9;4;3573.5870000000004
p2;9;4;0.0
p3;9;4;16880.286000000004
p4;9;4;0.0
p5;9;4;0.0
p6;9;4;0.0
p7;9;4;11343.806
p8;9;4;0.0
p9;9;4;0.0
p10;9;4;0.0
p11;9;4;3545.575
p12;9;4;0.0
p13;9;4;0.0
p14;9;4;0.0
p15;9;4;27769.947000000004
p16;9;4;0.0
p17;9;4;23154.415
p18;9;4;0.0
p19;9;4;0.0
p20;9;4;0.0
p21;9;4;0.0
p22;9;4;0.0
p23;9;4;-0.0
p24;9;4;59600.30399999999
p25;9;4;0.0
p26;9;4;0.0
p27;9;4;0.0
p28;9;4;0.0
p1;10;4;7472.662
p2;10;4;0.0
p3;10;4;19509.183
p4;10;4;0.0
p5;10;4;0.0
p6;10;4;0.0
p7;10;4;14245.914999999999
p8;10;4;0.0
p9;10;4;0.0
p10;10;4;0.0
p11;10;4;0.0
p12;10;4;0.0
p13;10;4;0.0
p14;10;4;0.0
p15;10;4;25621.365000000005
p16;10;4;0.0
p17;10;4;20406.314000000002
p18;10;4;0.0
p19;10;4;0.0
p20;10;4;0.0
p21;10;4;0.0
p22;10;4;0.0
p23;10;4;-0.0
p24;10;4;54849.23999999999
p25;10;4;0.0
p26;10;4;0.0
p27;10;4;0.0
p28;10;4;0.0
p1;11;4;9289.970000000001
p2;11;4;0.0
p3;11;4;41663.541000000005
p4;11;4;0.0
p5;11;4;0.0
p6;11;4;0.0
p7;11;4;0.0
p8;11;4;0.0
p9;11;4;0.0
p10;11;4;0.0
p11;11;4;10572.259999999998
p12;11;4;0.0
p13;11;4;0.0
p14;11;4;0.0
p15;11;4;26610.093000000004
p16;11;4;0.0
p17;11;4;13407.69
p18;11;4;0.0
p19;11;4;0.0
p20;11;4;0.0
p21;11;4;2459.511
p22;11;4;0.0
p23;11;4;-0.0
p24;11;4;35540.56799999999
p25;11;4;0.0
p26;11;4;0.0
p27;11;4;0.0
p28;11;4;0.0
p1;12;4;7933.77
p2;12;4;0.0
p3;12;4;0.0
p4;12;4;0.0
p5;12;4;0.0
p6;12;4;0.0
p7;12;4;35142.864
p8;12;4;0.0
p9;12;4;0.0
p10;12;4;0.0
p11;12;4;20770.623
p12;12;4;0.0
p13;12;4;0.0
p14;12;4;0.0
p15;12;4;40851.579000000005
p16;12;4;0.0
p17;12;4;12038.394
p18;12;4;0.0
p19;12;4;0.0
p20;12;4;0.0
p21;12;4;0.0
p22;12;4;0.0
p23;12;4;-0.0
p24;12;4;29049.983999999997
p25;12;4;0.0
p26;12;4;0.0
p27;12;4;0.0
p28;12;4;0.0
p1;13;4;1593.535
p2;13;4;0.0
p3;13;4;4069.5000000000005
p4;13;4;0.0
p5;13;4;0.0
p6;13;4;0.0
p7;13;4;33943.208
p8;13;4;0.0
p9;13;4;0.0
p10;13;4;0.0
p11;13;4;5376.380999999999
p12;13;4;0.0
p13;13;4;0.0
p14;13;4;0.0
p15;13;4;30897.750000000004
p16;13;4;0.0
p17;13;4;23230.487
p18;13;4;0.0
p19;13;4;0.0
p20;13;4;0.0
p21;13;4;0.0
p22;13;4;0.0
p23;13;4;-0.0
p24;13;4;46825.70399999999
p25;13;4;0.0
p26;13;4;0.0
p27;13;4;0.0
p28;13;4;0.0
p1;14;4;12043.056
p2;14;4;-0.0
p3;14;4;20925.369000000002
p4;14;4;-0.0
p5;14;4;-0.0
p6;14;4;-0.0
p7;14;4;-0.0
p8;14;4;-0.0
p9;14;4;-0.0
p10;14;4;-0.0
p11;14;4;9037.992999999999
p12;14;4;-0.0
p13;14;4;-0.0
p14;14;4;-0.0
p15;14;4;7282.362000000001
p16;14;4;-0.0
p17;14;4;24675.855
p18;14;4;-0.0
p19;14;4;-0.0
p20;14;4;-0.0
p21;14;4;40426.047
p22;14;4;-0.0
p23;14;4;-0.0
p24;14;4;33594.479999999996
p25;14;4;-0.0
p26;14;4;-0.0
p27;14;4;-0.0
p28;14;4;-0.0
p1;15;4;705.224
p2;15;4;0.0
p3;15;4;3450.9360000000006
p4;15;4;0.0
p5;15;4;21387.850000000006
p6;15;4;0.0
p7;15;4;13637.266
p8;15;4;0.0
p9;15;4;0.0
p10;15;4;0.0
p11;15;4;0.0
p12;15;4;9020.250000000002
p13;15;4;0.0
p14;15;4;0.0
p15;15;4;48989.57100000001
p16;15;4;0.0
p17;15;4;47906.342000000004
p18;15;4;0.0
p19;15;4;0.0
p20;15;4;0.0
p21;15;4;0.0
p22;15;4;0.0
p23;15;4;-0.0
p24;15;4;0.0
p25;15;4;0.0
p26;15;4;0.0
p27;15;4;0.0
p28;15;4;0.0
p1;16;4;12341.420000000002
p2;16;4;0.0
p3;16;4;36535.971000000005
p4;16;4;0.0
p5;16;4;0.0
p6;16;4;0.0
p7;16;4;0.0
p8;16;4;0.0
p9;16;4;0.0
p10;16;4;0.0
p11;16;4;4796.196
p12;16;4;18083.250000000004
p13;16;4;0.0
p14;16;4;0.0
p15;16;4;0.0
p16;16;4;0.0
p17;16;4;0.0
p18;16;4;0.0
p19;16;4;0.0
p20;16;4;0.0
p21;16;4;0.0
p22;16;4;0.0
p23;16;4;-0.0
p24;16;4;76647.59999999999
p25;16;4;0.0
p26;16;4;0.0
p27;16;4;0.0
p28;16;4;0.0
p1;17;4;4116.067
p2;17;4;0.0
p3;17;4;6999.540000000001
p4;17;4;0.0
p5;17;4;0.0
p6;17;4;0.0
p7;17;4;33475.695
p8;17;4;0.0
p9;17;4;0.0
p10;17;4;0.0
p11;17;4;0.0
p12;17;4;0.0
p13;17;4;0.0
p14;17;4;0.0
p15;17;4;41887.842000000004
p16;17;4;0.0
p17;17;4;18647.149
p18;17;4;0.0
p19;17;4;0.0
p20;17;4;0.0
p21;17;4;38924.937000000005
p22;17;4;0.0
p23;17;4;-0.0
p24;17;4;0.0
p25;17;4;0.0
p26;17;4;0.0
p27;17;4;0.0
p28;17;4;0.0
p1;18;4;8103.295000000001
p2;18;4;0.0
p3;18;4;20990.481000000003
p4;18;4;0.0
p5;18;4;0.0
p6;18;4;0.0
p7;18;4;33034.645
p8;18;4;0.0
p9;18;4;0.0
p10;18;4;0.0
p11;18;4;10353.079
p12;18;4;3662.2500000000005
p13;18;4;0.0
p14;18;4;0.0
p15;18;4;1559.1480000000001
p16;18;4;0.0
p17;18;4;10364.81
p18;18;4;0.0
p19;18;4;0.0
p20;18;4;0.0
p21;18;4;0.0
p22;18;4;0.0
p23;18;4;-0.0
p24;18;4;56175.62399999999
p25;18;4;0.0
p26;18;4;0.0
p27;18;4;0.0
p28;18;4;0.0
p1;19;4;8171.1050000000005
p2;19;4;0.0
p3;19;4;19989.384000000002
p4;19;4;0.0
p5;19;4;0.0
p6;19;4;0.0
p7;19;4;0.0
p8;19;4;0.0
p9;19;4;0.0
p10;19;4;0.0
p11;19;4;0.0
p12;19;4;0.0
p13;19;4;0.0
p14;19;4;0.0
p15;19;4;62194.79400000001
p16;19;4;0.0
p17;19;4;25160.814000000002
p18;19;4;0.0
p19;19;4;0.0
p20;19;4;0.0
p21;19;4;8013.618
p22;19;4;0.0
p23;19;4;-0.0
p24;19;4;15840.503999999997
p25;19;4;0.0
p26;19;4;0.0
p27;19;4;0.0
p28;19;4;0.0
p1;20;4;8137.200000000001
p2;20;4;0.0
p3;20;4;1456.8810000000003
p4;20;4;0.0
p5;20;4;12494.900000000003
p6;20;4;10.854
p7;20;4;45992.693999999996
p8;20;4;0.0
p9;20;4;0.0
p10;20;4;0.0
p11;20;4;0.0
p12;20;4;12924.750000000002
p13;20;4;0.0
p14;20;4;0.0
p15;20;4;17901.681000000004
p16;20;4;0.0
p17;20;4;14044.793
p18;20;4;0.0
p19;20;4;0.0
p20;20;4;0.0
p21;20;4;0.0
p22;20;4;0.0
p23;20;4;-0.0
p24;20;4;31648.391999999996
p25;20;4;0.0
p26;20;4;0.0
p27;20;4;0.0
p28;20;4;0.0
p1;21;4;8401.659000000001
p2;21;4;0.0
p3;21;4;13193.319000000001
p4;21;4;0.0
p5;21;4;0.0
p6;21;4;0.0
p7;21;4;0.0
p8;21;4;0.0
p9;21;4;0.0
p10;21;4;0.0
p11;21;4;0.0
p12;21;4;0.0
p13;21;4;0.0
p14;21;4;0.0
p15;21;4;23938.626000000004
p16;21;4;0.0
p17;21;4;24780.454
p18;21;4;0.0
p19;21;4;0.0
p20;21;4;0.0
p21;21;4;0.0
p22;21;4;0.0
p23;21;4;-0.0
p24;21;4;76277.95199999999
p25;21;4;0.0
p26;21;4;0.0
p27;21;4;0.0
p28;21;4;0.0
p1;1;5;6387.702
p2;1;5;0.0
p3;1;5;16294.278000000002
p4;1;5;0.0
p5;1;5;0.0
p6;1;5;0.0
p7;1;5;13213.858
p8;1;5;9.5
p9;1;5;0.0
p10;1;5;0.0
p11;1;5;1676.09
p12;1;5;0.0
p13;1;5;0.0
p14;1;5;0.0
p15;1;5;25849.533000000003
p16;1;5;0.0
p17;1;5;20720.111
p18;1;5;0.0
p19;1;5;0.0
p20;1;5;0.0
p21;1;5;18867.798000000003
p22;1;5;0.0
p23;1;5;-0.0
p24;1;5;37769.327999999994
p25;1;5;0.0
p26;1;5;0.0
p27;1;5;4007.4990000000003
p28;1;5;0.0
p1;2;5;4482.241
p2;2;5;0.0
p3;2;5;6633.285000000001
p4;2;5;0.0
p5;2;5;6562.875000000002
p6;2;5;0.0
p7;2;5;15913.083999999999
p8;2;5;0.0
p9;2;5;0.0
p10;2;5;0.0
p11;2;5;0.0
p12;2;5;0.0
p13;2;5;0.0
p14;2;5;0.0
p15;2;5;33055.83900000001
p16;2;5;7.473999999999999
p17;2;5;21956.281
p18;2;5;0.0
p19;2;5;0.0
p20;2;5;0.0
p21;2;5;6466.320000000001
p22;2;5;0.0
p23;2;5;-0.0
p24;2;5;51402.81599999999
p25;2;5;0.0
p26;2;5;0.0
p27;2;5;0.0
p28;2;5;0.0
p1;3;5;4739.919000000001
p2;3;5;0.0
p3;3;5;18972.009000000002
p4;3;5;0.0
p5;3;5;0.0
p6;3;5;0.0
p7;3;5;11035.071
p8;3;5;0.0
p9;3;5;0.0
p10;3;5;0.0
p11;3;5;5672.919999999999
p12;3;5;0.0
p13;3;5;0.0
p14;3;5;0.0
p15;3;5;29880.501000000004
p16;3;5;0.0
p17;3;5;14995.693000000001
p18;3;5;0.0
p19;3;5;0.0
p20;3;5;0.0
p21;3;5;14018.058
p22;3;5;0.0
p23;3;5;-0.0
p24;3;5;40824.35999999999
p25;3;5;0.0
p26;3;5;0.0
p27;3;5;5616.21
p28;3;5;0.0
p1;4;5;6007.966
p2;4;5;0.0
p3;4;5;9774.939000000002
p4;4;5;0.0
p5;4;5;0.0
p6;4;5;0.0
p7;4;5;14369.409
p8;4;5;0.0
p9;4;5;0.0
p10;4;5;0.0
p11;4;5;0.0
p12;4;5;0.0
p13;4;5;0.0
p14;4;5;0.0
p15;4;5;23910.105000000003
p16;4;5;0.0
p17;4;5;26739.308
p18;4;5;0.0
p19;4;5;0.0
p20;4;5;0.0
p21;4;5;3048.4080000000004
p22;4;5;0.0
p23;4;5;-0.0
p24;4;5;48978.35999999999
p25;4;5;0.0
p26;4;5;0.0
p27;4;5;11308.572
p28;4;5;0.0
p1;5;5;7201.4220000000005
p2;5;5;0.0
p3;5;5;18866.202
p4;5;5;0.0
p5;5;5;0.0
p6;5;5;0.0
p7;5;5;13875.432999999999
p8;5;5;0.0
p9;5;5;0.0
p10;5;5;0.0
p11;5;5;0.0
p12;5;5;0.0
p13;5;5;0.0
p14;5;5;0.0
p15;5;5;21504.834000000003
p16;5;5;0.0
p17;5;5;17667.722
p18;5;5;0.0
p19;5;5;0.0
p20;5;5;0.0
p21;5;5;22389.633
p22;5;5;0.0
p23;5;5;-0.0
p24;5;5;42803.06399999999
p25;5;5;0.0
p26;5;5;0.0
p27;5;5;485.469
p28;5;5;0.0
p1;6;5;7899.865000000001
p2;6;5;0.0
p3;6;5;18833.646000000004
p4;6;5;0.0
p5;6;5;10.175000000000002
p6;6;5;0.0
p7;6;5;4525.173
p8;6;5;0.0
p9;6;5;0.0
p10;6;5;0.0
p11;6;5;1611.6249999999998
p12;6;5;0.0
p13;6;5;0.0
p14;6;5;0.0
p15;6;5;3260.9010000000003
p16;6;5;0.0
p17;6;5;22317.623
p18;6;5;0.0
p19;6;5;0.0
p20;6;5;0.0
p21;6;5;61891.920000000006
p22;6;5;0.0
p23;6;5;-0.0
p24;6;5;0.0
p25;6;5;0.0
p26;6;5;0.0
p27;6;5;26957.808
p28;6;5;0.0
p1;7;5;6950.525000000001
p2;7;5;0.0
p3;7;5;15960.579000000002
p4;7;5;0.0
p5;7;5;0.0
p6;7;5;0.0
p7;7;5;15022.162999999999
p8;7;5;0.0
p9;7;5;0.0
p10;7;5;0.0
p11;7;5;11087.98
p12;7;5;4061.2500000000005
p13;7;5;0.0
p14;7;5;0.0
p15;7;5;25906.575000000004
p16;7;5;0.0
p17;7;5;22289.096
p18;7;5;0.0
p19;7;5;0.0
p20;7;5;0.0
p21;7;5;0.0
p22;7;5;0.0
p23;7;5;-0.0
p24;7;5;44542.583999999995
p25;7;5;0.0
p26;7;5;0.0
p27;7;5;0.0
p28;7;5;0.0
p1;8;5;7147.174000000001
p2;8;5;-0.0
p3;8;5;12005.025000000001
p4;8;5;-0.0
p5;8;5;5301.175000000001
p6;8;5;-0.0
p7;8;5;17324.444
p8;8;5;-0.0
p9;8;5;-0.0
p10;8;5;-0.0
p11;8;5;-0.0
p12;8;5;-0.0
p13;8;5;-0.0
p14;8;5;-0.0
p15;8;5;28730.154000000006
p16;8;5;-0.0
p17;8;5;23458.703
p18;8;5;-0.0
p19;8;5;-0.0
p20;8;5;-0.0
p21;8;5;-0.0
p22;8;5;-0.0
p23;8;5;-0.0
p24;8;5;45010.079999999994
p25;8;5;-0.0
p26;8;5;-0.0
p27;8;5;3398.283
p28;8;5;-0.0
p1;9;5;4427.993
p2;9;5;0.0
p3;9;5;24929.757000000005
p4;9;5;0.0
p5;9;5;0.0
p6;9;5;0.0
p7;9;5;10558.737
p8;9;5;9.5
p9;9;5;0.0
p10;9;5;0.0
p11;9;5;0.0
p12;9;5;0.0
p13;9;5;0.0
p14;9;5;0.0
p15;9;5;38522.36400000001
p16;9;5;0.0
p17;9;5;15376.053
p18;9;5;0.0
p19;9;5;0.0
p20;9;5;0.0
p21;9;5;0.0
p22;9;5;0.0
p23;9;5;-0.0
p24;9;5;47151.863999999994
p25;9;5;0.0
p26;9;5;0.0
p27;9;5;761.52
p28;9;5;0.0
p1;10;5;5092.531000000001
p2;10;5;0.0
p3;10;5;14056.053000000002
p4;10;5;0.0
p5;10;5;0.0
p6;10;5;0.0
p7;10;5;16548.196
p8;10;5;0.0
p9;10;5;0.0
p10;10;5;0.0
p11;10;5;8432.021999999999
p12;10;5;0.0
p13;10;5;0.0
p14;10;5;0.0
p15;10;5;22674.195000000003
p16;10;5;0.0
p17;10;5;14843.549
p18;10;5;0.0
p19;10;5;0.0
p20;10;5;0.0
p21;10;5;0.0
p22;10;5;0.0
p23;10;5;-0.0
p24;10;5;65732.112
p25;10;5;0.0
p26;10;5;0.0
p27;10;5;0.0
p28;10;5;0.0
p1;11;5;7533.691000000001
p2;11;5;0.0
p3;11;5;12721.257000000001
p4;11;5;0.0
p5;11;5;0.0
p6;11;5;0.0
p7;11;5;22793.464
p8;11;5;0.0
p9;11;5;0.0
p10;11;5;0.0
p11;11;5;2307.8469999999998
p12;11;5;0.0
p13;11;5;0.0
p14;11;5;0.0
p15;11;5;18766.818000000003
p16;11;5;7.473999999999999
p17;11;5;25075.233
p18;11;5;0.0
p19;11;5;0.0
p20;11;5;0.0
p21;11;5;24029.307
p22;11;5;0.0
p23;11;5;-0.0
p24;11;5;31202.639999999996
p25;11;5;0.0
p26;11;5;0.0
p27;11;5;0.0
p28;11;5;0.0
p1;12;5;47.467000000000006
p2;12;5;0.0
p3;12;5;19085.955
p4;12;5;0.0
p5;12;5;0.0
p6;12;5;0.0
p7;12;5;0.0
p8;12;5;0.0
p9;12;5;0.0
p10;12;5;0.0
p11;12;5;1263.514
p12;12;5;0.0
p13;12;5;0.0
p14;12;5;0.0
p15;12;5;46451.202000000005
p16;12;5;0.0
p17;12;5;37940.91
p18;12;5;0.0
p19;12;5;0.0
p20;12;5;0.0
p21;12;5;0.0
p22;12;5;0.0
p23;12;5;-0.0
p24;12;5;39780.647999999994
p25;12;5;0.0
p26;12;5;0.0
p27;12;5;142.785
p28;12;5;0.0
p1;13;5;11392.080000000002
p2;13;5;0.0
p3;13;5;19574.295000000002
p4;13;5;0.0
p5;13;5;0.0
p6;13;5;0.0
p7;13;5;5327.884
p8;13;5;0.0
p9;13;5;0.0
p10;13;5;0.0
p11;13;5;6240.2119999999995
p12;13;5;0.0
p13;13;5;0.0
p14;13;5;0.0
p15;13;5;29024.871000000003
p16;13;5;0.0
p17;13;5;7417.02
p18;13;5;0.0
p19;13;5;0.0
p20;13;5;0.0
p21;13;5;4826.646000000001
p22;13;5;0.0
p23;13;5;-0.0
p24;13;5;43455.38399999999
p25;13;5;0.0
p26;13;5;0.0
p27;13;5;15030.501
p28;13;5;0.0
p1;14;5;1661.3450000000003
p2;14;5;0.0
p3;14;5;16994.232000000004
p4;14;5;0.0
p5;14;5;0.0
p6;14;5;0.0
p7;14;5;13813.686
p8;14;5;0.0
p9;14;5;0.0
p10;14;5;0.0
p11;14;5;2256.2749999999996
p12;14;5;0.0
p13;14;5;0.0
p14;14;5;0.0
p15;14;5;9022.143000000002
p16;14;5;0.0
p17;14;5;33319.536
p18;14;5;0.0
p19;14;5;0.0
p20;14;5;0.0
p21;14;5;51949.953
p22;14;5;0.0
p23;14;5;-0.0
p24;14;5;0.0
p25;14;5;0.0
p26;14;5;0.0
p27;14;5;18790.506
p28;14;5;0.0
p1;15;5;5980.842000000001
p2;15;5;0.0
p3;15;5;18386.001000000004
p4;15;5;0.0
p5;15;5;0.0
p6;15;5;0.0
p7;15;5;18277.112
p8;15;5;0.0
p9;15;5;0.0
p10;15;5;0.0
p11;15;5;6394.928
p12;15;5;0.0
p13;15;5;0.0
p14;15;5;0.0
p15;15;5;42306.15000000001
p16;15;5;0.0
p17;15;5;5439.148
p18;15;5;0.0
p19;15;5;0.0
p20;15;5;0.0
p21;15;5;0.0
p22;15;5;0.0
p23;15;5;-0.0
p24;15;5;46412.56799999999
p25;15;5;0.0
p26;15;5;0.0
p27;15;5;0.0
p28;15;5;0.0
p1;16;5;7872.741000000001
p2;16;5;0.0
p3;16;5;28315.581000000006
p4;16;5;0.0
p5;16;5;0.0
p6;16;5;0.0
p7;16;5;0.0
p8;16;5;0.0
p9;16;5;0.0
p10;16;5;0.0
p11;16;5;90.25099999999999
p12;16;5;0.0
p13;16;5;0.0
p14;16;5;0.0
p15;16;5;41146.29600000001
p16;16;5;0.0
p17;16;5;17506.069
p18;16;5;0.0
p19;16;5;0.0
p20;16;5;0.0
p21;16;5;0.0
p22;16;5;0.0
p23;16;5;-0.0
p24;16;5;44890.48799999999
p25;16;5;0.0
p26;16;5;0.0
p27;16;5;523.545
p28;16;5;0.0
p1;17;5;7818.493
p2;17;5;0.0
p3;17;5;15903.606000000002
p4;17;5;0.0
p5;17;5;0.0
p6;17;5;0.0
p7;17;5;11255.596
p8;17;5;0.0
p9;17;5;0.0
p10;17;5;0.0
p11;17;5;0.0
p12;17;5;0.0
p13;17;5;0.0
p14;17;5;0.0
p15;17;5;36754.062000000005
p16;17;5;0.0
p17;17;5;22688.474000000002
p18;17;5;0.0
p19;17;5;0.0
p20;17;5;0.0
p21;17;5;50402.655000000006
p22;17;5;0.0
p23;17;5;-0.0
p24;17;5;0.0
p25;17;5;0.0
p26;17;5;0.0
p27;17;5;0.0
p28;17;5;0.0
p1;18;5;5573.982000000001
p2;18;5;0.0
p3;18;5;7845.996000000001
p4;18;5;0.0
p5;18;5;0.0
p6;18;5;0.0
p7;18;5;29620.917999999998
p8;18;5;0.0
p9;18;5;0.0
p10;18;5;0.0
p11;18;5;0.0
p12;18;5;0.0
p13;18;5;0.0
p14;18;5;0.0
p15;18;5;0.0
p16;18;5;0.0
p17;18;5;15347.526
p18;18;5;0.0
p19;18;5;0.0
p20;18;5;0.0
p21;18;5;11396.889000000001
p22;18;5;0.0
p23;18;5;-0.0
p24;18;5;78876.35999999999
p25;18;5;0.0
p26;18;5;0.0
p27;18;5;0.0
p28;18;5;0.0
p1;19;5;4678.89
p2;19;5;0.0
p3;19;5;22479.918
p4;19;5;0.0
p5;19;5;0.0
p6;19;5;0.0
p7;19;5;0.0
p8;19;5;0.0
p9;19;5;0.0
p10;19;5;0.0
p11;19;5;21092.947999999997
p12;19;5;0.0
p13;19;5;0.0
p14;19;5;0.0
p15;19;5;34700.55
p16;19;5;0.0
p17;19;5;39681.057
p18;19;5;0.0
p19;19;5;0.0
p20;19;5;0.0
p21;19;5;0.0
p22;19;5;0.0
p23;19;5;-0.0
p24;19;5;3718.2239999999993
p25;19;5;0.0
p26;19;5;0.0
p27;19;5;16629.693
p28;19;5;0.0
p1;20;5;7784.588000000001
p2;20;5;0.0
p3;20;5;13575.852000000003
p4;20;5;7230.759999999999
p5;20;5;0.0
p6;20;5;0.0
p7;20;5;14492.903
p8;20;5;0.0
p9;20;5;0.0
p10;20;5;0.0
p11;20;5;0.0
p12;20;5;2664.7500000000005
p13;20;5;0.0
p14;20;5;0.0
p15;20;5;21000.963000000003
p16;20;5;0.0
p17;20;5;988.936
p18;20;5;0.0
p19;20;5;0.0
p20;20;5;0.0
p21;20;5;48150.990000000005
p22;20;5;0.0
p23;20;5;-0.0
p24;20;5;33170.471999999994
p25;20;5;0.0
p26;20;5;0.0
p27;20;5;0.0
p28;20;5;0.0
p1;21;5;7893.084000000001
p2;21;5;0.0
p3;21;5;40589.19300000001
p4;21;5;0.0
p5;21;5;0.0
p6;21;5;0.0
p7;21;5;0.0
p8;21;5;4104.0
p9;21;5;0.0
p10;21;5;0.0
p11;21;5;0.0
p12;21;5;18240.000000000004
p13;21;5;0.0
p14;21;5;0.0
p15;21;5;2614.425
p16;21;5;0.0
p17;21;5;18390.406
p18;21;5;0.0
p19;21;5;0.0
p20;21;5;0.0
p21;21;5;0.0
p22;21;5;0.0
p23;21;5;-0.0
p24;21;5;53577.21599999999
p25;21;5;0.0
p26;21;5;0.0
p27;21;5;0.0
p28;21;5;0.0
p1;1;6;6387.702
p2;1;6;0.0
p3;1;6;16294.278000000002
p4;1;6;0.0
p5;1;6;0.0
p6;1;6;0.0
p7;1;6;13213.858
p8;1;6;9.5
p9;1;6;0.0
p10;1;6;0.0
p11;1;6;1676.09
p12;1;6;0.0
p13;1;6;0.0
p14;1;6;0.0
p15;1;6;25849.533000000003
p16;1;6;0.0
p17;1;6;20720.111
p18;1;6;0.0
p19;1;6;0.0
p20;1;6;0.0
p21;1;6;18867.798000000003
p22;1;6;0.0
p23;1;6;-0.0
p24;1;6;37769.327999999994
p25;1;6;0.0
p26;1;6;0.0
p27;1;6;4007.4990000000003
p28;1;6;0.0
p1;2;6;5533.296
p2;2;6;0.0
p3;2;6;16115.220000000003
p4;2;6;0.0
p5;2;6;0.0
p6;2;6;0.0
p7;2;6;13699.012999999999
p8;2;6;0.0
p9;2;6;0.0
p10;2;6;0.0
p11;2;6;0.0
p12;2;6;0.0
p13;2;6;0.0
p14;2;6;0.0
p15;2;6;27522.765000000003
p16;2;6;0.0
p17;2;6;20910.291
p18;2;6;0.0
p19;2;6;0.0
p20;2;6;0.0
p21;2;6;18913.986
p22;2;6;0.0
p23;2;6;-0.0
p24;2;6;39584.95199999999
p25;2;6;0.0
p26;2;6;0.0
p27;2;6;2646.282
p28;2;6;0.0
p1;3;6;7160.736000000001
p2;3;6;-0.0
p3;3;6;22072.968000000004
p4;3;6;-0.0
p5;3;6;407.0000000000001
p6;3;6;-0.0
p7;3;6;12490.536
p8;3;6;-0.0
p9;3;6;-0.0
p10;3;6;-0.0
p11;3;6;-0.0
p12;3;6;-0.0
p13;3;6;-0.0
p14;3;6;-0.0
p15;3;6;27541.779000000006
p16;3;6;-0.0
p17;3;6;12057.412
p18;3;6;-0.0
p19;3;6;-0.0
p20;3;6;-0.0
p21;3;6;-0.0
p22;3;6;-0.0
p23;3;6;-0.0
p24;3;6;61002.79199999999
p25;3;6;-0.0
p26;3;6;-0.0
p27;3;6;-0.0
p28;3;6;-0.0
p1;4;6;3838.0460000000003
p2;4;6;0.0
p3;4;6;17767.437
p4;4;6;0.0
p5;4;6;0.0
p6;4;6;0.0
p7;4;6;9059.167
p8;4;6;0.0
p9;4;6;0.0
p10;4;6;0.0
p11;4;6;4757.517
p12;4;6;29169.750000000004
p13;4;6;0.0
p14;4;6;0.0
p15;4;6;27703.398000000005
p16;4;6;0.0
p17;4;6;37931.401
p18;4;6;0.0
p19;4;6;0.0
p20;4;6;0.0
p21;4;6;0.0
p22;4;6;0.0
p23;4;6;-0.0
p24;4;6;20711.159999999996
p25;4;6;0.0
p26;4;6;0.0
p27;4;6;0.0
p28;4;6;0.0
p1;5;6;6041.871
p2;5;6;0.0
p3;5;6;8090.166000000001
p4;5;6;0.0
p5;5;6;0.0
p6;5;6;0.0
p7;5;6;20588.214
p8;5;6;0.0
p9;5;6;0.0
p10;5;6;0.0
p11;5;6;14994.559
p12;5;6;0.0
p13;5;6;0.0
p14;5;6;0.0
p15;5;6;18091.821000000004
p16;5;6;0.0
p17;5;6;0.0
p18;5;6;0.0
p19;5;6;0.0
p20;5;6;0.0
p21;5;6;28832.859
p22;5;6;0.0
p23;5;6;-0.0
p24;5;6;56730.09599999999
p25;5;6;0.0
p26;5;6;0.0
p27;5;6;0.0
p28;5;6;0.0
p1;6;6;5655.354
p2;6;6;0.0
p3;6;6;19460.349000000002
p4;6;6;0.0
p5;6;6;0.0
p6;6;6;0.0
p7;6;6;4375.215999999999
p8;6;6;0.0
p9;6;6;0.0
p10;6;6;0.0
p11;6;6;7336.116999999999
p12;6;6;0.0
p13;6;6;0.0
p14;6;6;0.0
p15;6;6;31116.411000000004
p16;6;6;0.0
p17;6;6;4136.415
p18;6;6;0.0
p19;6;6;0.0
p20;6;6;0.0
p21;6;6;21188.745000000003
p22;6;6;0.0
p23;6;6;-0.0
p24;6;6;56045.15999999999
p25;6;6;0.0
p26;6;6;0.0
p27;6;6;114.22800000000001
p28;6;6;0.0
p1;7;6;4427.993
p2;7;6;0.0
p3;7;6;2327.7540000000004
p4;7;6;0.0
p5;7;6;9788.350000000002
p6;7;6;0.0
p7;7;6;23402.112999999998
p8;7;6;0.0
p9;7;6;0.0
p10;7;6;0.0
p11;7;6;0.0
p12;7;6;0.0
p13;7;6;0.0
p14;7;6;0.0
p15;7;6;47382.888000000006
p16;7;6;0.0
p17;7;6;19493.45
p18;7;6;0.0
p19;7;6;0.0
p20;7;6;0.0
p21;7;6;0.0
p22;7;6;0.0
p23;7;6;-0.0
p24;7;6;37095.263999999996
p25;7;6;0.0
p26;7;6;0.0
p27;7;6;0.0
p28;7;6;0.0
p1;8;6;7493.005000000001
p2;8;6;0.0
p3;8;6;11744.577000000001
p4;8;6;0.0
p5;8;6;0.0
p6;8;6;0.0
p7;8;6;22131.889
p8;8;6;0.0
p9;8;6;0.0
p10;8;6;0.0
p11;8;6;0.0
p12;8;6;0.0
p13;8;6;0.0
p14;8;6;0.0
p15;8;6;17407.317000000003
p16;8;6;0.0
p17;8;6;16032.174
p18;8;6;0.0
p19;8;6;0.0
p20;8;6;0.0
p21;8;6;23994.666
p22;8;6;0.0
p23;8;6;-0.0
p24;8;6;31311.359999999993
p25;8;6;0.0
p26;8;6;0.0
p27;8;6;13973.892
p28;8;6;0.0
p1;9;6;4244.906
p2;9;6;0.0
p3;9;6;13046.817000000001
p4;9;6;0.0
p5;9;6;0.0
p6;9;6;0.0
p7;9;6;2893.288
p8;9;6;0.0
p9;9;6;0.0
p10;9;6;0.0
p11;9;6;348.111
p12;9;6;0.0
p13;9;6;0.0
p14;9;6;0.0
p15;9;6;26220.306000000004
p16;9;6;0.0
p17;9;6;37066.082
p18;9;6;0.0
p19;9;6;10.189000000000002
p20;9;6;0.0
p21;9;6;10242.189
p22;9;6;0.0
p23;9;6;-0.0
p24;9;6;30887.351999999995
p25;9;6;0.0
p26;9;6;0.0
p27;9;6;19333.089
p28;9;6;0.0
p1;10;6;7648.968000000001
p2;10;6;0.0
p3;10;6;28958.562000000005
p4;10;6;0.0
p5;10;6;0.0
p6;10;6;0.0
p7;10;6;546.9019999999999
p8;10;6;0.0
p9;10;6;0.0
p10;10;6;0.0
p11;10;6;4164.438999999999
p12;10;6;0.0
p13;10;6;0.0
p14;10;6;0.0
p15;10;6;2405.271
p16;10;6;0.0
p17;10;6;12152.502
p18;10;6;0.0
p19;10;6;0.0
p20;10;6;0.0
p21;10;6;80574.966
p22;10;6;0.0
p23;10;6;-0.0
p24;10;6;10197.935999999998
p25;10;6;0.0
p26;10;6;0.0
p27;10;6;4588.158
p28;10;6;0.0
p1;11;6;7031.897000000001
p2;11;6;-0.0
p3;11;6;-0.0
p4;11;6;-0.0
p5;11;6;-0.0
p6;11;6;-0.0
p7;11;6;25748.499
p8;11;6;-0.0
p9;11;6;-0.0
p10;11;6;-0.0
p11;11;6;12544.889
p12;11;6;-0.0
p13;11;6;-0.0
p14;11;6;-0.0
p15;11;6;45738.17700000001
p16;11;6;-0.0
p17;11;6;23182.942
p18;11;6;-0.0
p19;11;6;-0.0
p20;11;6;-0.0
p21;11;6;-0.0
p22;11;6;-0.0
p23;11;6;-0.0
p24;11;6;30680.783999999996
p25;11;6;-0.0
p26;11;6;-0.0
p27;11;6;-0.0
p28;11;6;-0.0
p1;12;6;6143.586
p2;12;6;0.0
p3;12;6;0.0
p4;12;6;0.0
p5;12;6;9615.375000000002
p6;12;6;0.0
p7;12;6;39341.659999999996
p8;12;6;0.0
p9;12;6;0.0
p10;12;6;0.0
p11;12;6;4589.907999999999
p12;12;6;24025.500000000004
p13;12;6;0.0
p14;12;6;0.0
p15;12;6;0.0
p16;12;6;0.0
p17;12;6;12551.880000000001
p18;12;6;0.0
p19;12;6;0.0
p20;12;6;0.0
p21;12;6;0.0
p22;12;6;0.0
p23;12;6;-0.0
p24;12;6;57915.14399999999
p25;12;6;0.0
p26;12;6;0.0
p27;12;6;0.0
p28;12;6;0.0
p1;13;6;13846.802000000001
p2;13;6;-0.0
p3;13;6;20461.446000000004
p4;13;6;-0.0
p5;13;6;-0.0
p6;13;6;-0.0
p7;13;6;-0.0
p8;13;6;-0.0
p9;13;6;-0.0
p10;13;6;-0.0
p11;13;6;13640.793999999998
p12;13;6;-0.0
p13;13;6;-0.0
p14;13;6;-0.0
p15;13;6;21552.369000000002
p16;13;6;-0.0
p17;13;6;25056.215
p18;13;6;-0.0
p19;13;6;-0.0
p20;13;6;-0.0
p21;13;6;-0.0
p22;13;6;-0.0
p23;13;6;-0.0
p24;13;6;48750.04799999999
p25;13;6;-0.0
p26;13;6;-0.0
p27;13;6;-0.0
p28;13;6;-0.0
p1;14;6;4224.563
p2;14;6;0.0
p3;14;6;32360.664000000004
p4;14;6;0.0
p5;14;6;0.0
p6;14;6;0.0
p7;14;6;5336.705
p8;14;6;0.0
p9;14;6;0.0
p10;14;6;0.0
p11;14;6;7503.726
p12;14;6;5643.000000000001
p13;14;6;0.0
p14;14;6;0.0
p15;14;6;11151.711000000001
p16;14;6;0.0
p17;14;6;30590.453
p18;14;6;0.0
p19;14;6;0.0
p20;14;6;0.0
p21;14;6;0.0
p22;14;6;0.0
p23;14;6;-0.0
p24;14;6;48141.21599999999
p25;14;6;0.0
p26;14;6;0.0
p27;14;6;0.0
p28;14;6;0.0
p1;15;6;0.0
p2;15;6;0.0
p3;15;6;11435.295000000002
p4;15;6;0.0
p5;15;6;0.0
p6;15;6;0.0
p7;15;6;19106.286
p8;15;6;0.0
p9;15;6;0.0
p10;15;6;0.0
p11;15;6;0.0
p12;15;6;4246.500000000001
p13;15;6;0.0
p14;15;6;0.0
p15;15;6;47363.87400000001
p16;15;6;0.0
p17;15;6;12409.245
p18;15;6;0.0
p19;15;6;0.0
p20;15;6;0.0
p21;15;6;0.0
p22;15;6;0.0
p23;15;6;-0.0
p24;15;6;52663.96799999999
p25;15;6;0.0
p26;15;6;0.0
p27;15;6;0.0
p28;15;6;0.0
p1;16;6;6923.401000000001
p2;16;6;0.0
p3;16;6;11948.052000000001
p4;16;6;0.0
p5;16;6;0.0
p6;16;6;0.0
p7;16;6;13487.309
p8;16;6;0.0
p9;16;6;0.0
p10;16;6;0.0
p11;16;6;0.0
p12;16;6;0.0
p13;16;6;0.0
p14;16;6;0.0
p15;16;6;36601.950000000004
p16;16;6;0.0
p17;16;6;24447.639
p18;16;6;0.0
p19;16;6;0.0
p20;16;6;0.0
p21;16;6;20172.609
p22;16;6;0.0
p23;16;6;-0.0
p24;16;6;30593.807999999994
p25;16;6;0.0
p26;16;6;0.0
p27;16;6;0.0
p28;16;6;0.0
p1;17;6;7852.398000000001
p2;17;6;0.0
p3;17;6;31904.880000000005
p4;17;6;0.0
p5;17;6;0.0
p6;17;6;0.0
p7;17;6;0.0
p8;17;6;0.0
p9;17;6;0.0
p10;17;6;0.0
p11;17;6;0.0
p12;17;6;0.0
p13;17;6;0.0
p14;17;6;0.0
p15;17;6;0.0
p16;17;6;0.0
p17;17;6;16479.097
p18;17;6;0.0
p19;17;6;0.0
p20;17;6;0.0
p21;17;6;0.0
p22;17;6;0.0
p23;17;6;-0.0
p24;17;6;89030.80799999999
p25;17;6;0.0
p26;17;6;0.0
p27;17;6;0.0
p28;17;6;0.0
p1;18;6;7811.712
p2;18;6;0.0
p3;18;6;9750.522
p4;18;6;0.0
p5;18;6;0.0
p6;18;6;0.0
p7;18;6;24266.571
p8;18;6;0.0
p9;18;6;0.0
p10;18;6;0.0
p11;18;6;0.0
p12;18;6;0.0
p13;18;6;0.0
p14;18;6;0.0
p15;18;6;36725.541000000005
p16;18;6;0.0
p17;18;6;15223.909
p18;18;6;0.0
p19;18;6;0.0
p20;18;6;0.0
p21;18;6;0.0
p22;18;6;0.0
p23;18;6;-0.0
p24;18;6;37214.85599999999
p25;18;6;0.0
p26;18;6;0.0
p27;18;6;9633.228000000001
p28;18;6;0.0
p1;19;6;7899.865000000001
p2;19;6;-0.0
p3;19;6;5851.941000000001
p4;19;6;-0.0
p5;19;6;30647.100000000006
p6;19;6;-0.0
p7;19;6;-0.0
p8;19;6;-0.0
p9;19;6;-0.0
p10;19;6;-0.0
p11;19;6;-0.0
p12;19;6;-0.0
p13;19;6;-0.0
p14;19;6;-0.0
p15;19;6;29794.938000000006
p16;19;6;-0.0
p17;19;6;45842.889
p18;19;6;-0.0
p19;19;6;-0.0
p20;19;6;-0.0
p21;19;6;-0.0
p22;19;6;-0.0
p23;19;6;-0.0
p24;19;6;23363.927999999996
p25;19;6;-0.0
p26;19;6;-0.0
p27;19;6;-0.0
p28;19;6;-0.0
p1;20;6;7709.997
p2;20;6;0.0
p3;20;6;8432.004
p4;20;6;0.0
p5;20;6;0.0
p6;20;6;0.0
p7;20;6;13381.457
p8;20;6;0.0
p9;20;6;0.0
p10;20;6;0.0
p11;20;6;1830.8059999999998
p12;20;6;0.0
p13;20;6;0.0
p14;20;6;0.0
p15;20;6;40471.299000000006
p16;20;6;0.0
p17;20;6;22840.618000000002
p18;20;6;0.0
p19;20;6;0.0
p20;20;6;0.0
p21;20;6;6616.4310000000005
p22;20;6;12.904
p23;20;6;-0.0
p24;20;6;42781.31999999999
p25;20;6;0.0
p26;20;6;0.0
p27;20;6;0.0
p28;20;6;0.0
p1;21;6;14226.538
p2;21;6;0.0
p3;21;6;20339.361000000004
p4;21;6;0.0
p5;21;6;0.0
p6;21;6;0.0
p7;21;6;25395.659
p8;21;6;0.0
p9;21;6;0.0
p10;21;6;0.0
p11;21;6;2488.3489999999997
p12;21;6;0.0
p13;21;6;0.0
p14;21;6;0.0
p15;21;6;770.0670000000001
p16;21;6;0.0
p17;21;6;7055.678
p18;21;6;0.0
p19;21;6;0.0
p20;21;6;0.0
p21;21;6;4688.082
p22;21;6;0.0
p23;21;6;-0.0
p24;21;6;66340.94399999999
p25;21;6;0.0
p26;21;6;0.0
p27;21;6;0.0
p28;21;6;0.0
p1;1;7;6387.702
p2;1;7;0.0
p3;1;7;16294.278000000002
p4;1;7;0.0
p5;1;7;0.0
p6;1;7;0.0
p7;1;7;13213.858
p8;1;7;9.5
p9;1;7;0.0
p10;1;7;0.0
p11;1;7;1676.09
p12;1;7;0.0
p13;1;7;0.0
p14;1;7;0.0
p15;1;7;25849.533000000003
p16;1;7;0.0
p17;1;7;20720.111
p18;1;7;0.0
p19;1;7;0.0
p20;1;7;0.0
p21;1;7;18867.798000000003
p22;1;7;0.0
p23;1;7;-0.0
p24;1;7;37769.327999999994
p25;1;7;0.0
p26;1;7;0.0
p27;1;7;4007.4990000000003
p28;1;7;0.0
p1;2;7;6862.372
p2;2;7;0.0
p3;2;7;20607.948000000004
p4;2;7;0.0
p5;2;7;0.0
p6;2;7;0.0
p7;2;7;12278.832
p8;2;7;0.0
p9;2;7;0.0
p10;2;7;0.0
p11;2;7;6794.611
p12;2;7;0.0
p13;2;7;0.0
p14;2;7;0.0
p15;2;7;18700.269000000004
p16;2;7;0.0
p17;2;7;14796.004
p18;2;7;0.0
p19;2;7;0.0
p20;2;7;0.0
p21;2;7;32193.036
p22;2;7;0.0
p23;2;7;-0.0
p24;2;7;35073.07199999999
p25;2;7;0.0
p26;2;7;0.0
p27;2;7;0.0
p28;2;7;0.0
p1;3;7;7242.108
p2;3;7;0.0
p3;3;7;6405.393000000001
p4;3;7;0.0
p5;3;7;0.0
p6;3;7;0.0
p7;3;7;26365.969
p8;3;7;0.0
p9;3;7;0.0
p10;3;7;0.0
p11;3;7;7967.873999999999
p12;3;7;0.0
p13;3;7;0.0
p14;3;7;0.0
p15;3;7;29043.885000000006
p16;3;7;0.0
p17;3;7;18048.082000000002
p18;3;7;0.0
p19;3;7;0.0
p20;3;7;0.0
p21;3;7;4930.569
p22;3;7;0.0
p23;3;7;-0.0
p24;3;7;45205.77599999999
p25;3;7;0.0
p26;3;7;0.0
p27;3;7;0.0
p28;3;7;0.0
p1;4;7;7370.947000000001
p2;4;7;0.0
p3;4;7;24278.637000000002
p4;4;7;0.0
p5;4;7;0.0
p6;4;7;0.0
p7;4;7;4137.049
p8;4;7;0.0
p9;4;7;0.0
p10;4;7;0.0
p11;4;7;11397.411999999998
p12;4;7;18382.500000000004
p13;4;7;0.0
p14;4;7;0.0
p15;4;7;28549.521000000004
p16;4;7;0.0
p17;4;7;11363.255000000001
p18;4;7;0.0
p19;4;7;0.0
p20;4;7;0.0
p21;4;7;0.0
p22;4;7;0.0
p23;4;7;-0.0
p24;4;7;44455.60799999999
p25;4;7;0.0
p26;4;7;0.0
p27;4;7;0.0
p28;4;7;0.0
p1;5;7;7472.662
p2;5;7;0.0
p3;5;7;3084.6810000000005
p4;5;7;0.0
p5;5;7;0.0
p6;5;7;0.0
p7;5;7;16565.838
p8;5;7;0.0
p9;5;7;0.0
p10;5;7;0.0
p11;5;7;103.14399999999999
p12;5;7;45699.75000000001
p13;5;7;0.0
p14;5;7;0.0
p15;5;7;36212.16300000001
p16;5;7;0.0
p17;5;7;13474.253
p18;5;7;0.0
p19;5;7;0.0
p20;5;7;0.0
p21;5;7;0.0
p22;5;7;0.0
p23;5;7;-0.0
p24;5;7;34790.399999999994
p25;5;7;0.0
p26;5;7;0.0
p27;5;7;0.0
p28;5;7;0.0
p1;6;7;2264.8540000000003
p2;6;7;0.0
p3;6;7;16343.112000000003
p4;6;7;0.0
p5;6;7;0.0
p6;6;7;0.0
p7;6;7;11670.182999999999
p8;6;7;0.0
p9;6;7;0.0
p10;6;7;0.0
p11;6;7;26662.724
p12;6;7;0.0
p13;6;7;0.0
p14;6;7;0.0
p15;6;7;19679.49
p16;6;7;0.0
p17;6;7;42124.87
p18;6;7;0.0
p19;6;7;0.0
p20;6;7;0.0
p21;6;7;0.0
p22;6;7;0.0
p23;6;7;-0.0
p24;6;7;30082.823999999993
p25;6;7;0.0
p26;6;7;0.0
p27;6;7;0.0
p28;6;7;0.0
p1;7;7;7723.559000000001
p2;7;7;-0.0
p3;7;7;10157.472000000002
p4;7;7;-0.0
p5;7;7;-0.0
p6;7;7;-0.0
p7;7;7;12472.894
p8;7;7;-0.0
p9;7;7;2544.7500000000005
p10;7;7;-0.0
p11;7;7;-0.0
p12;7;7;13737.000000000002
p13;7;7;-0.0
p14;7;7;-0.0
p15;7;7;29062.899000000005
p16;7;7;-0.0
p17;7;7;29639.553
p18;7;7;-0.0
p19;7;7;-0.0
p20;7;7;-0.0
p21;7;7;-0.0
p22;7;7;-0.0
p23;7;7;-0.0
p24;7;7;41433.191999999995
p25;7;7;-0.0
p26;7;7;-0.0
p27;7;7;-0.0
p28;7;7;-0.0
p1;8;7;7716.778
p2;8;7;0.0
p3;8;7;20103.33
p4;8;7;0.0
p5;8;7;0.0
p6;8;7;0.0
p7;8;7;8591.654
p8;8;7;0.0
p9;8;7;2911.1940000000004
p10;8;7;0.0
p11;8;7;0.0
p12;8;7;28585.500000000004
p13;8;7;0.0
p14;8;7;0.0
p15;8;7;38921.658
p16;8;7;0.0
p17;8;7;9081.095000000001
p18;8;7;0.0
p19;8;7;0.0
p20;8;7;0.0
p21;8;7;0.0
p22;8;7;0.0
p23;8;7;-0.0
p24;8;7;33453.14399999999
p25;8;7;0.0
p26;8;7;0.0
p27;8;7;0.0
p28;8;7;0.0
p1;9;7;7716.778
p2;9;7;0.0
p3;9;7;24246.081000000002
p4;9;7;8.818
p5;9;7;0.0
p6;9;7;0.0
p7;9;7;88.21
p8;9;7;0.0
p9;9;7;0.0
p10;9;7;0.0
p11;9;7;22781.930999999997
p12;9;7;7823.250000000001
p13;9;7;0.0
p14;9;7;0.0
p15;9;7;12520.719000000003
p16;9;7;0.0
p17;9;7;17972.010000000002
p18;9;7;0.0
p19;9;7;0.0
p20;9;7;0.0
p21;9;7;0.0
p22;9;7;0.0
p23;9;7;-0.0
p24;9;7;58154.32799999999
p25;9;7;0.0
p26;9;7;0.0
p27;9;7;0.0
p28;9;7;0.0
p1;10;7;11954.903
p2;10;7;0.0
p3;10;7;3906.7200000000007
p4;10;7;0.0
p5;10;7;0.0
p6;10;7;0.0
p7;10;7;36483.655999999995
p8;10;7;0.0
p9;10;7;0.0
p10;10;7;0.0
p11;10;7;9785.786999999998
p12;10;7;17584.500000000004
p13;10;7;0.0
p14;10;7;0.0
p15;10;7;27655.863000000005
p16;10;7;0.0
p17;10;7;14891.094000000001
p18;10;7;0.0
p19;10;7;0.0
p20;10;7;0.0
p21;10;7;0.0
p22;10;7;0.0
p23;10;7;-0.0
p24;10;7;23407.415999999997
p25;10;7;0.0
p26;10;7;0.0
p27;10;7;0.0
p28;10;7;0.0
p1;11;7;0.0
p2;11;7;0.0
p3;11;7;17979.051000000003
p4;11;7;0.0
p5;11;7;0.0
p6;11;7;0.0
p7;11;7;0.0
p8;11;7;0.0
p9;11;7;0.0
p10;11;7;0.0
p11;11;7;8225.733999999999
p12;11;7;31848.750000000004
p13;11;7;0.0
p14;11;7;0.0
p15;11;7;27903.045000000006
p16;11;7;0.0
p17;11;7;24561.747
p18;11;7;0.0
p19;11;7;0.0
p20;11;7;0.0
p21;11;7;0.0
p22;11;7;0.0
p23;11;7;-0.0
p24;11;7;47836.79999999999
p25;11;7;0.0
p26;11;7;0.0
p27;11;7;0.0
p28;11;7;0.0
p1;12;7;7743.902000000001
p2;12;7;0.0
p3;12;7;10653.951000000001
p4;12;7;0.0
p5;12;7;0.0
p6;12;7;0.0
p7;12;7;16821.647
p8;12;7;0.0
p9;12;7;0.0
p10;12;7;0.0
p11;12;7;8909.063
p12;12;7;22116.000000000004
p13;12;7;0.0
p14;12;7;0.0
p15;12;7;15002.046000000002
p16;12;7;0.0
p17;12;7;23743.973
p18;12;7;0.0
p19;12;7;0.0
p20;12;7;0.0
p21;12;7;0.0
p22;12;7;0.0
p23;12;7;-0.0
p24;12;7;47010.52799999999
p25;12;7;0.0
p26;12;7;0.0
p27;12;7;0.0
p28;12;7;0.0
p1;13;7;7730.340000000001
p2;13;7;0.0
p3;13;7;33491.98500000001
p4;13;7;0.0
p5;13;7;0.0
p6;13;7;0.0
p7;13;7;5627.798
p8;13;7;0.0
p9;13;7;0.0
p10;13;7;0.0
p11;13;7;0.0
p12;13;7;0.0
p13;13;7;0.0
p14;13;7;0.0
p15;13;7;26809.740000000005
p16;13;7;0.0
p17;13;7;23182.942
p18;13;7;0.0
p19;13;7;0.0
p20;13;7;0.0
p21;13;7;0.0
p22;13;7;0.0
p23;13;7;-0.0
p24;13;7;41846.327999999994
p25;13;7;0.0
p26;13;7;0.0
p27;13;7;0.0
p28;13;7;0.0
p1;14;7;7648.968000000001
p2;14;7;0.0
p3;14;7;19916.133
p4;14;7;0.0
p5;14;7;0.0
p6;14;7;0.0
p7;14;7;14201.81
p8;14;7;0.0
p9;14;7;0.0
p10;14;7;23.072
p11;14;7;1921.0569999999998
p12;14;7;25878.000000000004
p13;14;7;0.0
p14;14;7;0.0
p15;14;7;18120.342000000004
p16;14;7;0.0
p17;14;7;12713.533000000001
p18;14;7;0.0
p19;14;7;0.0
p20;14;7;0.0
p21;14;7;0.0
p22;14;7;0.0
p23;14;7;-0.0
p24;14;7;50065.55999999999
p25;14;7;0.0
p26;14;7;0.0
p27;14;7;0.0
p28;14;7;0.0
p1;15;7;7743.902000000001
p2;15;7;0.0
p3;15;7;0.0
p4;15;7;0.0
p5;15;7;0.0
p6;15;7;0.0
p7;15;7;31296.908
p8;15;7;0.0
p9;15;7;0.0
p10;15;7;0.0
p11;15;7;0.0
p12;15;7;21360.750000000004
p13;15;7;0.0
p14;15;7;0.0
p15;15;7;30042.120000000006
p16;15;7;0.0
p17;15;7;12323.664
p18;15;7;0.0
p19;15;7;0.0
p20;15;7;0.0
p21;15;7;0.0
p22;15;7;0.0
p23;15;7;-0.0
p24;15;7;47347.55999999999
p25;15;7;0.0
p26;15;7;0.0
p27;15;7;0.0
p28;15;7;0.0
p1;16;7;5675.697
p2;16;7;-0.0
p3;16;7;17425.599000000002
p4;16;7;-0.0
p5;16;7;3693.525000000001
p6;16;7;-0.0
p7;16;7;-0.0
p8;16;7;-0.0
p9;16;7;-0.0
p10;16;7;-0.0
p11;16;7;-0.0
p12;16;7;20705.250000000004
p13;16;7;-0.0
p14;16;7;-0.0
p15;16;7;40613.90400000001
p16;16;7;-0.0
p17;16;7;14510.734
p18;16;7;-0.0
p19;16;7;-0.0
p20;16;7;-0.0
p21;16;7;-0.0
p22;16;7;-0.0
p23;16;7;-0.0
p24;16;7;47923.77599999999
p25;16;7;-0.0
p26;16;7;-0.0
p27;16;7;-0.0
p28;16;7;-0.0
p1;17;7;13406.037
p2;17;7;0.0
p3;17;7;18817.368000000002
p4;17;7;0.0
p5;17;7;0.0
p6;17;7;0.0
p7;17;7;15339.719
p8;17;7;0.0
p9;17;7;0.0
p10;17;7;0.0
p11;17;7;0.0
p12;17;7;0.0
p13;17;7;0.0
p14;17;7;0.0
p15;17;7;5599.6230000000005
p16;17;7;0.0
p17;17;7;24238.441000000003
p18;17;7;0.0
p19;17;7;0.0
p20;17;7;0.0
p21;17;7;0.0
p22;17;7;0.0
p23;17;7;-0.0
p24;17;7;63427.24799999999
p25;17;7;0.0
p26;17;7;0.0
p27;17;7;0.0
p28;17;7;0.0
p1;18;7;1118.865
p2;18;7;0.0
p3;18;7;14585.088000000002
p4;18;7;5925.696
p5;18;7;0.0
p6;18;7;0.0
p7;18;7;13205.037
p8;18;7;0.0
p9;18;7;0.0
p10;18;7;0.0
p11;18;7;0.0
p12;18;7;4146.750000000001
p13;18;7;0.0
p14;18;7;0.0
p15;18;7;42619.88100000001
p16;18;7;0.0
p17;18;7;16688.295000000002
p18;18;7;0.0
p19;18;7;0.0
p20;18;7;0.0
p21;18;7;32320.053
p22;18;7;0.0
p23;18;7;-0.0
p24;18;7;16808.111999999997
p25;18;7;0.0
p26;18;7;0.0
p27;18;7;0.0
p28;18;7;0.0
p1;19;7;7594.72
p2;19;7;0.0
p3;19;7;14568.810000000001
p4;19;7;0.0
p5;19;7;0.0
p6;19;7;0.0
p7;19;7;16239.461
p8;19;7;0.0
p9;19;7;0.0
p10;19;7;0.0
p11;19;7;0.0
p12;19;7;0.0
p13;19;7;0.0
p14;19;7;0.0
p15;19;7;9250.311000000002
p16;19;7;0.0
p17;19;7;35810.894
p18;19;7;0.0
p19;19;7;0.0
p20;19;7;0.0
p21;19;7;0.0
p22;19;7;0.0
p23;19;7;-0.0
p24;19;7;59904.71999999999
p25;19;7;0.0
p26;19;7;0.0
p27;19;7;0.0
p28;19;7;0.0
p1;20;7;12443.135
p2;20;7;0.0
p3;20;7;20013.801000000003
p4;20;7;0.0
p5;20;7;0.0
p6;20;7;0.0
p7;20;7;14184.168
p8;20;7;0.0
p9;20;7;0.0
p10;20;7;0.0
p11;20;7;0.0
p12;20;7;0.0
p13;20;7;0.0
p14;20;7;0.0
p15;20;7;40823.058000000005
p16;20;7;0.0
p17;20;7;11696.07
p18;20;7;0.0
p19;20;7;0.0
p20;20;7;0.0
p21;20;7;0.0
p22;20;7;0.0
p23;20;7;-0.0
p24;20;7;38856.52799999999
p25;20;7;0.0
p26;20;7;0.0
p27;20;7;0.0
p28;20;7;0.0
p1;21;7;0.0
p2;21;7;0.0
p3;21;7;19932.411000000004
p4;21;7;0.0
p5;21;7;0.0
p6;21;7;0.0
p7;21;7;13963.643
p8;21;7;0.0
p9;21;7;0.0
p10;21;7;0.0
p11;21;7;8857.491
p12;21;7;6412.500000000001
p13;21;7;0.0
p14;21;7;0.0
p15;21;7;22854.828000000005
p16;21;7;0.0
p17;21;7;23487.23
p18;21;7;0.0
p19;21;7;0.0
p20;21;7;0.0
p21;21;7;0.0
p22;21;7;0.0
p23;21;7;-0.0
p24;21;7;53892.50399999999
p25;21;7;0.0
p26;21;7;0.0
p27;21;7;0.0
p28;21;7;0.0
p1;1;8;6387.702
p2;1;8;0.0
p3;1;8;16294.278000000002
p4;1;8;0.0
p5;1;8;0.0
p6;1;8;0.0
p7;1;8;13213.858
p8;1;8;9.5
p9;1;8;0.0
p10;1;8;0.0
p11;1;8;1676.09
p12;1;8;0.0
p13;1;8;0.0
p14;1;8;0.0
p15;1;8;25849.533000000003
p16;1;8;0.0
p17;1;8;20720.111
p18;1;8;0.0
p19;1;8;0.0
p20;1;8;0.0
p21;1;8;18867.798000000003
p22;1;8;0.0
p23;1;8;-0.0
p24;1;8;37769.327999999994
p25;1;8;0.0
p26;1;8;0.0
p27;1;8;4007.4990000000003
p28;1;8;0.0
p1;2;8;5614.668000000001
p2;2;8;0.0
p3;2;8;14007.219000000003
p4;2;8;0.0
p5;2;8;4151.4000000000015
p6;2;8;0.0
p7;2;8;13266.784
p8;2;8;0.0
p9;2;8;0.0
p10;2;8;0.0
p11;2;8;0.0
p12;2;8;0.0
p13;2;8;0.0
p14;2;8;0.0
p15;2;8;25973.124000000003
p16;2;8;0.0
p17;2;8;18380.897
p18;2;8;0.0
p19;2;8;0.0
p20;2;8;0.0
p21;2;8;21673.719
p22;2;8;0.0
p23;2;8;-0.0
p24;2;8;36856.079999999994
p25;2;8;0.0
p26;2;8;0.0
p27;2;8;5778.033
p28;2;8;0.0
p1;3;8;6909.839000000001
p2;3;8;0.0
p3;3;8;18182.526
p4;3;8;0.0
p5;3;8;0.0
p6;3;8;0.0
p7;3;8;7127.3679999999995
p8;3;8;0.0
p9;3;8;0.0
p10;3;8;0.0
p11;3;8;4564.121999999999
p12;3;8;0.0
p13;3;8;0.0
p14;3;8;0.0
p15;3;8;18101.328
p16;3;8;0.0
p17;3;8;22507.803
p18;3;8;0.0
p19;3;8;0.0
p20;3;8;0.0
p21;3;8;46522.863000000005
p22;3;8;0.0
p23;3;8;-0.0
p24;3;8;10676.303999999998
p25;3;8;0.0
p26;3;8;0.0
p27;3;8;12403.257
p28;3;8;0.0
p1;4;8;4956.911
p2;4;8;0.0
p3;4;8;9473.796000000002
p4;4;8;0.0
p5;4;8;4202.2750000000015
p6;4;8;0.0
p7;4;8;21770.228
p8;4;8;0.0
p9;4;8;0.0
p10;4;8;0.0
p11;4;8;0.0
p12;4;8;0.0
p13;4;8;0.0
p14;4;8;0.0
p15;4;8;22255.887000000002
p16;4;8;0.0
p17;4;8;18780.275
p18;4;8;0.0
p19;4;8;0.0
p20;4;8;0.0
p21;4;8;0.0
p22;4;8;0.0
p23;4;8;-0.0
p24;4;8;64231.77599999999
p25;4;8;0.0
p26;4;8;0.0
p27;4;8;0.0
p28;4;8;0.0
p1;5;8;4156.753000000001
p2;5;8;0.0
p3;5;8;33451.29000000001
p4;5;8;0.0
p5;5;8;7153.0250000000015
p6;5;8;0.0
p7;5;8;0.0
p8;5;8;0.0
p9;5;8;0.0
p10;5;8;0.0
p11;5;8;10482.009
p12;5;8;0.0
p13;5;8;0.0
p14;5;8;0.0
p15;5;8;24613.623000000003
p16;5;8;0.0
p17;5;8;22545.839
p18;5;8;0.0
p19;5;8;0.0
p20;5;8;0.0
p21;5;8;0.0
p22;5;8;0.0
p23;5;8;-0.0
p24;5;8;33224.831999999995
p25;5;8;0.0
p26;5;8;0.0
p27;5;8;7091.655
p28;5;8;0.0
p1;6;8;7587.939
p2;6;8;0.0
p3;6;8;0.0
p4;6;8;0.0
p5;6;8;0.0
p6;6;8;0.0
p7;6;8;34375.437
p8;6;8;0.0
p9;6;8;0.0
p10;6;8;0.0
p11;6;8;13666.579999999998
p12;6;8;0.0
p13;6;8;0.0
p14;6;8;0.0
p15;6;8;28121.706000000006
p16;6;8;0.0
p17;6;8;32844.086
p18;6;8;0.0
p19;6;8;0.0
p20;6;8;0.0
p21;6;8;0.0
p22;6;8;0.0
p23;6;8;-0.0
p24;6;8;27310.463999999996
p25;6;8;0.0
p26;6;8;0.0
p27;6;8;0.0
p28;6;8;0.0
p1;7;8;7214.984
p2;7;8;0.0
p3;7;8;17441.877000000004
p4;7;8;0.0
p5;7;8;0.0
p6;7;8;0.0
p7;7;8;13690.192
p8;7;8;0.0
p9;7;8;0.0
p10;7;8;0.0
p11;7;8;0.0
p12;7;8;0.0
p13;7;8;0.0
p14;7;8;0.0
p15;7;8;28521.000000000004
p16;7;8;0.0
p17;7;8;20625.021
p18;7;8;0.0
p19;7;8;0.0
p20;7;8;0.0
p21;7;8;0.0
p22;7;8;0.0
p23;7;8;-0.0
p24;7;8;55142.78399999999
p25;7;8;0.0
p26;7;8;0.0
p27;7;8;0.0
p28;7;8;0.0
p1;8;8;5967.280000000001
p2;8;8;0.0
p3;8;8;19671.963000000003
p4;8;8;0.0
p5;8;8;0.0
p6;8;8;0.0
p7;8;8;0.0
p8;8;8;0.0
p9;8;8;0.0
p10;8;8;0.0
p11;8;8;2655.9579999999996
p12;8;8;0.0
p13;8;8;0.0
p14;8;8;0.0
p15;8;8;36354.768000000004
p16;8;8;0.0
p17;8;8;21233.597
p18;8;8;0.0
p19;8;8;0.0
p20;8;8;0.0
p21;8;8;0.0
p22;8;8;0.0
p23;8;8;-0.0
p24;8;8;59143.67999999999
p25;8;8;0.0
p26;8;8;0.0
p27;8;8;0.0
p28;8;8;0.0
p1;9;8;7628.625000000001
p2;9;8;0.0
p3;9;8;33589.653000000006
p4;9;8;0.0
p5;9;8;0.0
p6;9;8;0.0
p7;9;8;3784.209
p8;9;8;0.0
p9;9;8;0.0
p10;9;8;0.0
p11;9;8;15935.747999999998
p12;9;8;0.0
p13;9;8;0.0
p14;9;8;0.0
p15;9;8;29870.994000000006
p16;9;8;0.0
p17;9;8;17011.601000000002
p18;9;8;0.0
p19;9;8;0.0
p20;9;8;0.0
p21;9;8;0.0
p22;9;8;0.0
p23;9;8;-0.0
p24;9;8;34268.543999999994
p25;9;8;0.0
p26;9;8;0.0
p27;9;8;0.0
p28;9;8;0.0
p1;10;8;7804.9310000000005
p2;10;8;0.0
p3;10;8;17588.379
p4;10;8;0.0
p5;10;8;0.0
p6;10;8;0.0
p7;10;8;0.0
p8;10;8;0.0
p9;10;8;0.0
p10;10;8;0.0
p11;10;8;21479.737999999998
p12;10;8;0.0
p13;10;8;0.0
p14;10;8;9.506
p15;10;8;3869.3490000000006
p16;10;8;0.0
p17;10;8;38197.653
p18;10;8;0.0
p19;10;8;0.0
p20;10;8;0.0
p21;10;8;64628.559
p22;10;8;0.0
p23;10;8;-0.0
p24;10;8;0.0
p25;10;8;0.0
p26;10;8;0.0
p27;10;8;0.0
p28;10;8;0.0
p1;11;8;10232.529
p2;11;8;0.0
p3;11;8;9677.271
p4;11;8;0.0
p5;11;8;0.0
p6;11;8;0.0
p7;11;8;18674.057
p8;11;8;0.0
p9;11;8;0.0
p10;11;8;11.536
p11;11;8;7065.364
p12;11;8;0.0
p13;11;8;0.0
p14;11;8;0.0
p15;11;8;19489.350000000002
p16;11;8;0.0
p17;11;8;0.0
p18;11;8;0.0
p19;11;8;0.0
p20;11;8;0.0
p21;11;8;0.0
p22;11;8;0.0
p23;11;8;-0.0
p24;11;8;82474.99199999998
p25;11;8;0.0
p26;11;8;0.0
p27;11;8;0.0
p28;11;8;0.0
p1;12;8;7865.960000000001
p2;12;8;0.0
p3;12;8;11451.573000000002
p4;12;8;0.0
p5;12;8;2859.1750000000006
p6;12;8;0.0
p7;12;8;22890.495
p8;12;8;0.0
p9;12;8;0.0
p10;12;8;0.0
p11;12;8;12.892999999999999
p12;12;8;0.0
p13;12;8;0.0
p14;12;8;0.0
p15;12;8;67300.05300000001
p16;12;8;0.0
p17;12;8;15784.94
p18;12;8;0.0
p19;12;8;0.0
p20;12;8;0.0
p21;12;8;5507.919
p22;12;8;0.0
p23;12;8;-0.0
p24;12;8;0.0
p25;12;8;0.0
p26;12;8;0.0
p27;12;8;3236.46
p28;12;8;0.0
p1;13;8;4651.7660000000005
p2;13;8;0.0
p3;13;8;20591.670000000002
p4;13;8;0.0
p5;13;8;0.0
p6;13;8;0.0
p7;13;8;0.0
p8;13;8;0.0
p9;13;8;0.0
p10;13;8;0.0
p11;13;8;34488.774999999994
p12;13;8;0.0
p13;13;8;0.0
p14;13;8;0.0
p15;13;8;10067.913000000002
p16;13;8;0.0
p17;13;8;47326.293000000005
p18;13;8;0.0
p19;13;8;0.0
p20;13;8;0.0
p21;13;8;0.0
p22;13;8;0.0
p23;13;8;-0.0
p24;13;8;33409.655999999995
p25;13;8;0.0
p26;13;8;0.0
p27;13;8;0.0
p28;13;8;0.0
p1;14;8;5431.581
p2;14;8;0.0
p3;14;8;38709.084
p4;14;8;0.0
p5;14;8;0.0
p6;14;8;0.0
p7;14;8;0.0
p8;14;8;2546.0
p9;14;8;0.0
p10;14;8;0.0
p11;14;8;0.0
p12;14;8;17798.250000000004
p13;14;8;0.0
p14;14;8;0.0
p15;14;8;10647.840000000002
p16;14;8;0.0
p17;14;8;0.0
p18;14;8;0.0
p19;14;8;0.0
p20;14;8;0.0
p21;14;8;0.0
p22;14;8;0.0
p23;14;8;-0.0
p24;14;8;73994.83199999998
p25;14;8;0.0
p26;14;8;0.0
p27;14;8;0.0
p28;14;8;0.0
p1;15;8;7872.741000000001
p2;15;8;0.0
p3;15;8;5689.161000000001
p4;15;8;0.0
p5;15;8;0.0
p6;15;8;0.0
p7;15;8;0.0
p8;15;8;24424.5
p9;15;8;0.0
p10;15;8;0.0
p11;15;8;0.0
p12;15;8;16245.000000000002
p13;15;8;0.0
p14;15;8;0.0
p15;15;8;35983.995
p16;15;8;0.0
p17;15;8;1112.553
p18;15;8;0.0
p19;15;8;0.0
p20;15;8;0.0
p21;15;8;0.0
p22;15;8;0.0
p23;15;8;-0.0
p24;15;8;60089.54399999999
p25;15;8;0.0
p26;15;8;0.0
p27;15;8;0.0
p28;15;8;0.0
p1;16;8;7723.559000000001
p2;16;8;0.0
p3;16;8;4761.3150000000005
p4;16;8;12283.474
p5;16;8;0.0
p6;16;8;0.0
p7;16;8;16645.227
p8;16;8;0.0
p9;16;8;0.0
p10;16;8;0.0
p11;16;8;0.0
p12;16;8;13523.250000000002
p13;16;8;0.0
p14;16;8;0.0
p15;16;8;13433.391000000001
p16;16;8;0.0
p17;16;8;23648.883
p18;16;8;0.0
p19;16;8;0.0
p20;16;8;0.0
p21;16;8;42908.652
p22;16;8;0.0
p23;16;8;-0.0
p24;16;8;15557.831999999997
p25;16;8;0.0
p26;16;8;0.0
p27;16;8;0.0
p28;16;8;0.0
p1;17;8;2508.9700000000003
p2;17;8;0.0
p3;17;8;39474.15000000001
p4;17;8;0.0
p5;17;8;0.0
p6;17;8;0.0
p7;17;8;14245.914999999999
p8;17;8;0.0
p9;17;8;0.0
p10;17;8;0.0
p11;17;8;0.0
p12;17;8;0.0
p13;17;8;0.0
p14;17;8;0.0
p15;17;8;29890.008000000005
p16;17;8;0.0
p17;17;8;23915.135000000002
p18;17;8;0.0
p19;17;8;0.0
p20;17;8;0.0
p21;17;8;0.0
p22;17;8;0.0
p23;17;8;-0.0
p24;17;8;27245.231999999996
p25;17;8;0.0
p26;17;8;0.0
p27;17;8;0.0
p28;17;8;0.0
p1;18;8;7689.654
p2;18;8;0.0
p3;18;8;1814.9970000000003
p4;18;8;0.0
p5;18;8;14601.125000000004
p6;18;8;0.0
p7;18;8;4533.994
p8;18;8;0.0
p9;18;8;0.0
p10;18;8;0.0
p11;18;8;0.0
p12;18;8;0.0
p13;18;8;0.0
p14;18;8;0.0
p15;18;8;43770.22800000001
p16;18;8;0.0
p17;18;8;26216.313000000002
p18;18;8;0.0
p19;18;8;0.0
p20;18;8;0.0
p21;18;8;0.0
p22;18;8;0.0
p23;18;8;-0.0
p24;18;8;47108.37599999999
p25;18;8;0.0
p26;18;8;0.0
p27;18;8;0.0
p28;18;8;0.0
p1;19;8;3193.851
p2;19;8;0.0
p3;19;8;0.0
p4;19;8;0.0
p5;19;8;0.0
p6;19;8;0.0
p7;19;8;16777.542
p8;19;8;19.0
p9;19;8;0.0
p10;19;8;0.0
p11;19;8;3571.361
p12;19;8;0.0
p13;19;8;0.0
p14;19;8;0.0
p15;19;8;36430.82400000001
p16;19;8;0.0
p17;19;8;34251.418
p18;19;8;0.0
p19;19;8;0.0
p20;19;8;0.0
p21;19;8;10207.548
p22;19;8;0.0
p23;19;8;-0.0
p24;19;8;43814.15999999999
p25;19;8;0.0
p26;19;8;0.0
p27;19;8;0.0
p28;19;8;0.0
p1;20;8;7601.501
p2;20;8;0.0
p3;20;8;28494.639000000003
p4;20;8;0.0
p5;20;8;0.0
p6;20;8;0.0
p7;20;8;591.007
p8;20;8;0.0
p9;20;8;0.0
p10;20;8;0.0
p11;20;8;3919.4719999999998
p12;20;8;0.0
p13;20;8;0.0
p14;20;8;0.0
p15;20;8;6968.631000000001
p16;20;8;0.0
p17;20;8;12789.605
p18;20;8;0.0
p19;20;8;0.0
p20;20;8;0.0
p21;20;8;2078.46
p22;20;8;0.0
p23;20;8;-0.0
p24;20;8;68547.95999999999
p25;20;8;0.0
p26;20;8;0.0
p27;20;8;13745.436
p28;20;8;0.0
p1;21;8;10171.5
p2;21;8;0.0
p3;21;8;317.42100000000005
p4;21;8;0.0
p5;21;8;0.0
p6;21;8;0.0
p7;21;8;37577.46
p8;21;8;0.0
p9;21;8;0.0
p10;21;8;0.0
p11;21;8;19507.108999999997
p12;21;8;7609.500000000001
p13;21;8;0.0
p14;21;8;0.0
p15;21;8;0.0
p16;21;8;0.0
p17;21;8;22298.605
p18;21;8;0.0
p19;21;8;0.0
p20;21;8;0.0
p21;21;8;31661.874000000003
p22;21;8;0.0
p23;21;8;-0.0
p24;21;8;22472.423999999995
p25;21;8;0.0
p26;21;8;0.0
p27;21;8;0.0
p28;21;8;0.0
p1;1;9;6387.702
p2;1;9;0.0
p3;1;9;16294.278000000002
p4;1;9;0.0
p5;1;9;0.0
p6;1;9;0.0
p7;1;9;13213.858
p8;1;9;9.5
p9;1;9;0.0
p10;1;9;0.0
p11;1;9;1676.09
p12;1;9;0.0
p13;1;9;0.0
p14;1;9;0.0
p15;1;9;25849.533000000003
p16;1;9;0.0
p17;1;9;20720.111
p18;1;9;0.0
p19;1;9;0.0
p20;1;9;0.0
p21;1;9;18867.798000000003
p22;1;9;0.0
p23;1;9;-0.0
p24;1;9;37769.327999999994
p25;1;9;0.0
p26;1;9;0.0
p27;1;9;4007.4990000000003
p28;1;9;0.0
p1;2;9;4638.204000000001
p2;2;9;0.0
p3;2;9;18931.314000000002
p4;2;9;0.0
p5;2;9;0.0
p6;2;9;0.0
p7;2;9;12816.913
p8;2;9;0.0
p9;2;9;0.0
p10;2;9;0.0
p11;2;9;3223.2499999999995
p12;2;9;0.0
p13;2;9;8.827
p14;2;9;0.0
p15;2;9;27617.835000000003
p16;2;9;0.0
p17;2;9;14548.77
p18;2;9;0.0
p19;2;9;0.0
p20;2;9;0.0
p21;2;9;33486.3
p22;2;9;0.0
p23;2;9;-0.0
p24;2;9;32083.271999999994
p25;2;9;0.0
p26;2;9;0.0
p27;2;9;0.0
p28;2;9;0.0
p1;3;9;6774.219000000001
p2;3;9;0.0
p3;3;9;6128.667000000001
p4;3;9;0.0
p5;3;9;0.0
p6;3;9;0.0
p7;3;9;20738.171
p8;3;9;0.0
p9;3;9;0.0
p10;3;9;0.0
p11;3;9;0.0
p12;3;9;0.0
p13;3;9;0.0
p14;3;9;0.0
p15;3;9;20373.501000000004
p16;3;9;0.0
p17;3;9;22488.785
p18;3;9;0.0
p19;3;9;0.0
p20;3;9;0.0
p21;3;9;25461.135000000002
p22;3;9;0.0
p23;3;9;-0.0
p24;3;9;43748.92799999999
p25;3;9;0.0
p26;3;9;0.0
p27;3;9;1523.04
p28;3;9;0.0
p1;4;9;7438.7570000000005
p2;4;9;0.0
p3;4;9;0.0
p4;4;9;0.0
p5;4;9;29894.15000000001
p6;4;9;0.0
p7;4;9;14889.848
p8;4;9;0.0
p9;4;9;0.0
p10;4;9;0.0
p11;4;9;6846.182999999999
p12;4;9;0.0
p13;4;9;0.0
p14;4;9;0.0
p15;4;9;20316.459000000003
p16;4;9;0.0
p17;4;9;22983.253
p18;4;9;0.0
p19;4;9;0.0
p20;4;9;0.0
p21;4;9;0.0
p22;4;9;0.0
p23;4;9;-0.0
p24;4;9;34138.079999999994
p25;4;9;0.0
p26;4;9;0.0
p27;4;9;10013.988
p28;4;9;0.0
p1;5;9;7567.5960000000005
p2;5;9;0.0
p3;5;9;4834.566000000001
p4;5;9;0.0
p5;5;9;0.0
p6;5;9;0.0
p7;5;9;12190.622
p8;5;9;0.0
p9;5;9;0.0
p10;5;9;0.0
p11;5;9;19816.540999999997
p12;5;9;4873.500000000001
p13;5;9;0.0
p14;5;9;0.0
p15;5;9;15895.704000000002
p16;5;9;0.0
p17;5;9;26986.542
p18;5;9;0.0
p19;5;9;0.0
p20;5;9;0.0
p21;5;9;16546.851000000002
p22;5;9;0.0
p23;5;9;-0.0
p24;5;9;44422.99199999999
p25;5;9;0.0
p26;5;9;0.0
p27;5;9;0.0
p28;5;9;0.0
p1;6;9;7635.406000000001
p2;6;9;0.0
p3;6;9;24897.201000000005
p4;6;9;0.0
p5;6;9;0.0
p6;6;9;0.0
p7;6;9;9376.723
p8;6;9;0.0
p9;6;9;0.0
p10;6;9;0.0
p11;6;9;15007.452
p12;6;9;3861.7500000000005
p13;6;9;0.0
p14;6;9;0.0
p15;6;9;22702.716000000004
p16;6;9;0.0
p17;6;9;12808.623
p18;6;9;0.0
p19;6;9;0.0
p20;6;9;0.0
p21;6;9;0.0
p22;6;9;0.0
p23;6;9;-0.0
p24;6;9;49815.50399999999
p25;6;9;0.0
p26;6;9;0.0
p27;6;9;0.0
p28;6;9;0.0
p1;7;9;4807.729
p2;7;9;0.0
p3;7;9;17327.931000000004
p4;7;9;0.0
p5;7;9;0.0
p6;7;9;0.0
p7;7;9;7612.523
p8;7;9;0.0
p9;7;9;0.0
p10;7;9;0.0
p11;7;9;20022.828999999998
p12;7;9;14.250000000000002
p13;7;9;0.0
p14;7;9;0.0
p15;7;9;28720.647000000004
p16;7;9;0.0
p17;7;9;18827.82
p18;7;9;0.0
p19;7;9;0.0
p20;7;9;0.0
p21;7;9;6962.841
p22;7;9;0.0
p23;7;9;-0.0
p24;7;9;45020.95199999999
p25;7;9;0.0
p26;7;9;0.0
p27;7;9;0.0
p28;7;9;0.0
p1;8;9;5729.945000000001
p2;8;9;0.0
p3;8;9;0.0
p4;8;9;0.0
p5;8;9;15059.000000000004
p6;8;9;0.0
p7;8;9;13249.142
p8;8;9;0.0
p9;8;9;0.0
p10;8;9;0.0
p11;8;9;26327.505999999998
p12;8;9;0.0
p13;8;9;0.0
p14;8;9;0.0
p15;8;9;16960.488
p16;8;9;0.0
p17;8;9;29078.522
p18;8;9;0.0
p19;8;9;0.0
p20;8;9;0.0
p21;8;9;34.641000000000005
p22;8;9;0.0
p23;8;9;-0.0
p24;8;9;46597.39199999999
p25;8;9;0.0
p26;8;9;0.0
p27;8;9;0.0
p28;8;9;0.0
p1;9;9;7771.026000000001
p2;9;9;0.0
p3;9;9;0.0
p4;9;9;0.0
p5;9;9;0.0
p6;9;9;0.0
p7;9;9;28571.218999999997
p8;9;9;0.0
p9;9;9;0.0
p10;9;9;11.536
p11;9;9;20319.368
p12;9;9;0.0
p13;9;9;0.0
p14;9;9;0.0
p15;9;9;37657.227000000006
p16;9;9;0.0
p17;9;9;7597.691000000001
p18;9;9;0.0
p19;9;9;0.0
p20;9;9;0.0
p21;9;9;0.0
p22;9;9;0.0
p23;9;9;-0.0
p24;9;9;40335.119999999995
p25;9;9;0.0
p26;9;9;0.0
p27;9;9;5406.792
p28;9;9;0.0
p1;10;9;7208.203
p2;10;9;0.0
p3;10;9;14625.783000000001
p4;10;9;0.0
p5;10;9;0.0
p6;10;9;0.0
p7;10;9;0.0
p8;10;9;0.0
p9;10;9;0.0
p10;10;9;0.0
p11;10;9;4228.9039999999995
p12;10;9;0.0
p13;10;9;0.0
p14;10;9;0.0
p15;10;9;8413.695000000002
p16;10;9;0.0
p17;10;9;23458.703
p18;10;9;0.0
p19;10;9;0.0
p20;10;9;0.0
p21;10;9;0.0
p22;10;9;0.0
p23;10;9;-0.0
p24;10;9;91977.11999999998
p25;10;9;0.0
p26;10;9;0.0
p27;10;9;0.0
p28;10;9;0.0
p1;11;9;10476.645
p2;11;9;0.0
p3;11;9;14585.088000000002
p4;11;9;0.0
p5;11;9;0.0
p6;11;9;0.0
p7;11;9;16063.041
p8;11;9;0.0
p9;11;9;0.0
p10;11;9;0.0
p11;11;9;0.0
p12;11;9;0.0
p13;11;9;0.0
p14;11;9;0.0
p15;11;9;56490.59400000001
p16;11;9;0.0
p17;11;9;18951.437
p18;11;9;0.0
p19;11;9;0.0
p20;11;9;0.0
p21;11;9;0.0
p22;11;9;0.0
p23;11;9;-0.0
p24;11;9;20732.903999999995
p25;11;9;0.0
p26;11;9;0.0
p27;11;9;0.0
p28;11;9;0.0
p1;12;9;7743.902000000001
p2;12;9;0.0
p3;12;9;15952.440000000002
p4;12;9;0.0
p5;12;9;0.0
p6;12;9;0.0
p7;12;9;8247.635
p8;12;9;0.0
p9;12;9;0.0
p10;12;9;0.0
p11;12;9;0.0
p12;12;9;0.0
p13;12;9;0.0
p14;12;9;0.0
p15;12;9;56728.26900000001
p16;12;9;0.0
p17;12;9;23886.608
p18;12;9;0.0
p19;12;9;0.0
p20;12;9;0.0
p21;12;9;0.0
p22;12;9;0.0
p23;12;9;-0.0
p24;12;9;27006.047999999995
p25;12;9;0.0
p26;12;9;0.0
p27;12;9;0.0
p28;12;9;0.0
p1;13;9;5309.523
p2;13;9;0.0
p3;13;9;31937.436000000005
p4;13;9;0.0
p5;13;9;0.0
p6;13;9;0.0
p7;13;9;0.0
p8;13;9;0.0
p9;13;9;0.0
p10;13;9;0.0
p11;13;9;1895.2709999999997
p12;13;9;0.0
p13;13;9;0.0
p14;13;9;0.0
p15;13;9;0.0
p16;13;9;0.0
p17;13;9;15803.958
p18;13;9;0.0
p19;13;9;0.0
p20;13;9;0.0
p21;13;9;0.0
p22;13;9;0.0
p23;13;9;-0.0
p24;13;9;92238.04799999998
p25;13;9;0.0
p26;13;9;0.0
p27;13;9;0.0
p28;13;9;0.0
p1;14;9;7621.844000000001
p2;14;9;0.0
p3;14;9;0.0
p4;14;9;0.0
p5;14;9;0.0
p6;14;9;0.0
p7;14;9;24822.293999999998
p8;14;9;0.0
p9;14;9;0.0
p10;14;9;0.0
p11;14;9;644.65
p12;14;9;0.0
p13;14;9;0.0
p14;14;9;0.0
p15;14;9;0.0
p16;14;9;0.0
p17;14;9;23563.302
p18;14;9;0.0
p19;14;9;0.0
p20;14;9;0.0
p21;14;9;82688.06700000001
p22;14;9;0.0
p23;14;9;-0.0
p24;14;9;0.0
p25;14;9;0.0
p26;14;9;0.0
p27;14;9;13069.587
p28;14;9;0.0
p1;15;9;1878.3370000000002
p2;15;9;0.0
p3;15;9;18027.885000000002
p4;15;9;0.0
p5;15;9;0.0
p6;15;9;0.0
p7;15;9;12464.073
p8;15;9;0.0
p9;15;9;0.0
p10;15;9;0.0
p11;15;9;18217.808999999997
p12;15;9;0.0
p13;15;9;0.0
p14;15;9;0.0
p15;15;9;13480.926000000001
p16;15;9;0.0
p17;15;9;23144.906
p18;15;9;0.0
p19;15;9;0.0
p20;15;9;0.0
p21;15;9;0.0
p22;15;9;0.0
p23;15;9;-0.0
p24;15;9;63383.75999999999
p25;15;9;0.0
p26;15;9;0.0
p27;15;9;0.0
p28;15;9;0.0
p1;16;9;7554.034000000001
p2;16;9;0.0
p3;16;9;35315.12100000001
p4;16;9;0.0
p5;16;9;0.0
p6;16;9;0.0
p7;16;9;5398.452
p8;16;9;0.0
p9;16;9;0.0
p10;16;9;23.072
p11;16;9;3339.287
p12;16;9;0.0
p13;16;9;0.0
p14;16;9;0.0
p15;16;9;48324.081000000006
p16;16;9;0.0
p17;16;9;17991.028000000002
p18;16;9;0.0
p19;16;9;0.0
p20;16;9;0.0
p21;16;9;0.0
p22;16;9;0.0
p23;16;9;-0.0
p24;16;9;18471.528
p25;16;9;0.0
p26;16;9;0.0
p27;16;9;0.0
p28;16;9;0.0
p1;17;9;7601.501
p2;17;9;0.0
p3;17;9;25377.402000000002
p4;17;9;0.0
p5;17;9;0.0
p6;17;9;0.0
p7;17;9;0.0
p8;17;9;0.0
p9;17;9;0.0
p10;17;9;0.0
p11;17;9;22897.967999999997
p12;17;9;0.0
p13;17;9;0.0
p14;17;9;0.0
p15;17;9;26381.925000000003
p16;17;9;0.0
p17;17;9;23106.870000000003
p18;17;9;0.0
p19;17;9;0.0
p20;17;9;0.0
p21;17;9;0.0
p22;17;9;0.0
p23;17;9;-0.0
p24;17;9;41096.159999999996
p25;17;9;0.0
p26;17;9;0.0
p27;17;9;0.0
p28;17;9;0.0
p1;18;9;7743.902000000001
p2;18;9;0.0
p3;18;9;0.0
p4;18;9;0.0
p5;18;9;0.0
p6;18;9;0.0
p7;18;9;24787.01
p8;18;9;0.0
p9;18;9;0.0
p10;18;9;0.0
p11;18;9;21312.128999999997
p12;18;9;0.0
p13;18;9;0.0
p14;18;9;0.0
p15;18;9;0.0
p16;18;9;0.0
p17;18;9;35335.444
p18;18;9;0.0
p19;18;9;0.0
p20;18;9;0.0
p21;18;9;0.0
p22;18;9;0.0
p23;18;9;-0.0
p24;18;9;61731.215999999986
p25;18;9;12.229
p26;18;9;0.0
p27;18;9;0.0
p28;18;9;0.0
p1;19;9;7682.8730000000005
p2;19;9;0.0
p3;19;9;0.0
p4;19;9;0.0
p5;19;9;0.0
p6;19;9;0.0
p7;19;9;34357.795
p8;19;9;0.0
p9;19;9;0.0
p10;19;9;0.0
p11;19;9;2733.316
p12;19;9;0.0
p13;19;9;0.0
p14;19;9;0.0
p15;19;9;11560.512000000002
p16;19;9;0.0
p17;19;9;7036.66
p18;19;9;0.0
p19;19;9;0.0
p20;19;9;0.0
p21;19;9;25957.656000000003
p22;19;9;0.0
p23;19;9;-0.0
p24;19;9;60404.83199999999
p25;19;9;0.0
p26;19;9;0.0
p27;19;9;0.0
p28;19;9;0.0
p1;20;9;7703.216
p2;20;9;0.0
p3;20;9;22178.775
p4;20;9;0.0
p5;20;9;0.0
p6;20;9;0.0
p7;20;9;4348.753
p8;20;9;0.0
p9;20;9;0.0
p10;20;9;0.0
p11;20;9;6781.718
p12;20;9;0.0
p13;20;9;0.0
p14;20;9;0.0
p15;20;9;62356.41300000001
p16;20;9;0.0
p17;20;9;22983.253
p18;20;9;0.0
p19;20;9;0.0
p20;20;9;0.0
p21;20;9;0.0
p22;20;9;0.0
p23;20;9;-0.0
p24;20;9;12437.567999999997
p25;20;9;0.0
p26;20;9;0.0
p27;20;9;0.0
p28;20;9;0.0
p1;21;9;7662.530000000001
p2;21;9;0.0
p3;21;9;5461.269000000001
p4;21;9;0.0
p5;21;9;0.0
p6;21;9;0.0
p7;21;9;9473.753999999999
p8;21;9;0.0
p9;21;9;0.0
p10;21;9;0.0
p11;21;9;4409.406
p12;21;9;0.0
p13;21;9;0.0
p14;21;9;0.0
p15;21;9;18310.482000000004
p16;21;9;0.0
p17;21;9;22859.636000000002
p18;21;9;0.0
p19;21;9;0.0
p20;21;9;0.0
p21;21;9;13221.315
p22;21;9;0.0
p23;21;9;-0.0
p24;21;9;68580.57599999999
p25;21;9;0.0
p26;21;9;0.0
p27;21;9;0.0
p28;21;9;0.0
p1;1;10;6387.702
p2;1;10;0.0
p3;1;10;16294.278000000002
p4;1;10;0.0
p5;1;10;0.0
p6;1;10;0.0
p7;1;10;13213.858
p8;1;10;9.5
p9;1;10;0.0
p10;1;10;0.0
p11;1;10;1676.09
p12;1;10;0.0
p13;1;10;0.0
p14;1;10;0.0
p15;1;10;25849.533000000003
p16;1;10;0.0
p17;1;10;20720.111
p18;1;10;0.0
p19;1;10;0.0
p20;1;10;0.0
p21;1;10;18867.798000000003
p22;1;10;0.0
p23;1;10;-0.0
p24;1;10;37769.327999999994
p25;1;10;0.0
p26;1;10;0.0
p27;1;10;4007.4990000000003
p28;1;10;0.0
p1;2;10;5607.887000000001
p2;2;10;0.0
p3;2;10;17222.124000000003
p4;2;10;0.0
p5;2;10;0.0
p6;2;10;0.0
p7;2;10;16098.324999999999
p8;2;10;0.0
p9;2;10;0.0
p10;2;10;0.0
p11;2;10;361.00399999999996
p12;2;10;0.0
p13;2;10;0.0
p14;2;10;0.0
p15;2;10;25098.480000000003
p16;2;10;0.0
p17;2;10;18143.172000000002
p18;2;10;0.0
p19;2;10;0.0
p20;2;10;0.0
p21;2;10;23590.521
p22;2;10;0.0
p23;2;10;-0.0
p24;2;10;36116.78399999999
p25;2;10;0.0
p26;2;10;0.0
p27;2;10;2770.029
p28;2;10;0.0
p1;3;10;4543.27
p2;3;10;0.0
p3;3;10;23399.625000000004
p4;3;10;0.0
p5;3;10;0.0
p6;3;10;0.0
p7;3;10;10073.582
p8;3;10;0.0
p9;3;10;0.0
p10;3;10;0.0
p11;3;10;10262.828
p12;3;10;14.250000000000002
p13;3;10;0.0
p14;3;10;0.0
p15;3;10;23691.444000000003
p16;3;10;0.0
p17;3;10;18304.825
p18;3;10;0.0
p19;3;10;0.0
p20;3;10;0.0
p21;3;10;15115.023000000001
p22;3;10;0.0
p23;3;10;-0.0
p24;3;10;33018.263999999996
p25;3;10;0.0
p26;3;10;0.0
p27;3;10;7167.807
p28;3;10;0.0
p1;4;10;7045.459000000001
p2;4;10;0.0
p3;4;10;14194.416000000001
p4;4;10;0.0
p5;4;10;0.0
p6;4;10;0.0
p7;4;10;15577.886
p8;4;10;0.0
p9;4;10;0.0
p10;4;10;0.0
p11;4;10;2333.633
p12;4;10;0.0
p13;4;10;0.0
p14;4;10;0.0
p15;4;10;41022.70500000001
p16;4;10;0.0
p17;4;10;18143.172000000002
p18;4;10;0.0
p19;4;10;0.0
p20;4;10;0.0
p21;4;10;0.0
p22;4;10;0.0
p23;4;10;-0.0
p24;4;10;43998.98399999999
p25;4;10;0.0
p26;4;10;0.0
p27;4;10;0.0
p28;4;10;0.0
p1;5;10;5960.499000000001
p2;5;10;-0.0
p3;5;10;18459.252000000004
p4;5;10;-0.0
p5;5;10;-0.0
p6;5;10;-0.0
p7;5;10;10258.823
p8;5;10;-0.0
p9;5;10;-0.0
p10;5;10;-0.0
p11;5;10;7954.981
p12;5;10;-0.0
p13;5;10;-0.0
p14;5;10;-0.0
p15;5;10;14032.332000000002
p16;5;10;-0.0
p17;5;10;15024.220000000001
p18;5;10;-0.0
p19;5;10;-0.0
p20;5;10;-0.0
p21;5;10;-0.0
p22;5;10;-0.0
p23;5;10;-0.0
p24;5;10;76288.824
p25;5;10;-0.0
p26;5;10;-0.0
p27;5;10;-0.0
p28;5;10;-0.0
p1;6;10;4489.022000000179
p2;6;10;-0.0
p3;6;10;19525.461000000003
p4;6;10;-0.0
p5;6;10;-0.0
p6;6;10;-0.0
p7;6;10;-0.0
p8;6;10;-0.0
p9;6;10;-0.0
p10;6;10;-0.0
p11;6;10;8315.984999999999
p12;6;10;-0.0
p13;6;10;-0.0
p14;6;10;-0.0
p15;6;10;43294.878000000004
p16;6;10;-0.0
p17;6;10;33281.49999999975
p18;6;10;-0.0
p19;6;10;-0.0
p20;6;10;-0.0
p21;6;10;31546.404000000002
p22;6;10;-0.0
p23;6;10;-0.0
p24;6;10;5522.975999999999
p25;6;10;-0.0
p26;6;10;-0.0
p27;6;10;-0.0
p28;6;10;-0.0
p1;7;10;6482.636
p2;7;10;0.0
p3;7;10;38090.520000000004
p4;7;10;0.0
p5;7;10;0.0
p6;7;10;0.0
p7;7;10;3087.35
p8;7;10;0.0
p9;7;10;0.0
p10;7;10;0.0
p11;7;10;17792.34
p12;7;10;0.0
p13;7;10;0.0
p14;7;10;0.0
p15;7;10;18880.902000000002
p16;7;10;0.0
p17;7;10;14577.297
p18;7;10;8.154000000000002
p19;7;10;0.0
p20;7;10;0.0
p21;7;10;0.0
p22;7;10;0.0
p23;7;10;-0.0
p24;7;10;44727.407999999996
p25;7;10;0.0
p26;7;10;0.0
p27;7;10;0.0
p28;7;10;0.0
p1;8;10;6658.942000000001
p2;8;10;0.0
p3;8;10;5306.628000000001
p4;8;10;0.0
p5;8;10;0.0
p6;8;10;0.0
p7;8;10;14792.817
p8;8;10;0.0
p9;8;10;0.0
p10;8;10;0.0
p11;8;10;33663.623
p12;8;10;0.0
p13;8;10;0.0
p14;8;10;0.0
p15;8;10;16665.771000000004
p16;8;10;0.0
p17;8;10;29611.026
p18;8;10;0.0
p19;8;10;0.0
p20;8;10;0.0
p21;8;10;0.0
p22;8;10;0.0
p23;8;10;-0.0
p24;8;10;45781.99199999999
p25;8;10;0.0
p26;8;10;0.0
p27;8;10;0.0
p28;8;10;0.0
p1;9;10;4251.687000000148
p2;9;10;-0.0
p3;9;10;10385.364000000001
p4;9;10;-0.0
p5;9;10;-0.0
p6;9;10;-0.0
p7;9;10;18921.045
p8;9;10;-0.0
p9;9;10;-0.0
p10;9;10;-0.0
p11;9;10;-0.0
p12;9;10;-0.0
p13;9;10;-0.0
p14;9;10;-0.0
p15;9;10;30622.0469999998
p16;9;10;-0.0
p17;9;10;21090.962
p18;9;10;-0.0
p19;9;10;-0.0
p20;9;10;-0.0
p21;9;10;-0.0
p22;9;10;-0.0
p23;9;10;-0.0
p24;9;10;59937.33599999999
p25;9;10;-0.0
p26;9;10;-0.0
p27;9;10;-0.0
p28;9;10;-0.0
p1;10;10;4651.7660000000005
p2;10;10;0.0
p3;10;10;27176.121000000003
p4;10;10;0.0
p5;10;10;0.0
p6;10;10;0.0
p7;10;10;0.0
p8;10;10;0.0
p9;10;10;0.0
p10;10;10;0.0
p11;10;10;0.0
p12;10;10;0.0
p13;10;10;0.0
p14;10;10;0.0
p15;10;10;33673.794
p16;10;10;0.0
p17;10;10;10935.35
p18;10;10;0.0
p19;10;10;0.0
p20;10;10;0.0
p21;10;10;41580.747
p22;10;10;0.0
p23;10;10;-0.0
p24;10;10;22635.503999999997
p25;10;10;0.0
p26;10;10;0.0
p27;10;10;5711.4
p28;10;10;0.0
p1;11;10;7791.369000000001
p2;11;10;0.0
p3;11;10;15537.351000000002
p4;11;10;0.0
p5;11;10;0.0
p6;11;10;0.0
p7;11;10;27027.543999999998
p8;11;10;0.0
p9;11;10;0.0
p10;11;10;0.0
p11;11;10;19752.075999999997
p12;11;10;0.0
p13;11;10;0.0
p14;11;10;0.0
p15;11;10;17540.415
p16;11;10;0.0
p17;11;10;24143.351000000002
p18;11;10;0.0
p19;11;10;0.0
p20;11;10;0.0
p21;11;10;0.0
p22;11;10;0.0
p23;11;10;-0.0
p24;11;10;9099.863999999998
p25;11;10;0.0
p26;11;10;0.0
p27;11;10;20227.875
p28;11;10;0.0
p1;12;10;15575.957000000002
p2;12;10;0.0
p3;12;10;27705.156000000003
p4;12;10;0.0
p5;12;10;0.0
p6;12;10;0.0
p7;12;10;0.0
p8;12;10;0.0
p9;12;10;0.0
p10;12;10;0.0
p11;12;10;1598.732
p12;12;10;0.0
p13;12;10;0.0
p14;12;10;0.0
p15;12;10;17350.275
p16;12;10;0.0
p17;12;10;3537.348
p18;12;10;0.0
p19;12;10;0.0
p20;12;10;0.0
p21;12;10;0.0
p22;12;10;0.0
p23;12;10;-0.0
p24;12;10;75864.81599999999
p25;12;10;0.0
p26;12;10;0.0
p27;12;10;0.0
p28;12;10;0.0
p1;13;10;1878.3370000000002
p2;13;10;0.0
p3;13;10;6649.563000000001
p4;13;10;0.0
p5;13;10;0.0
p6;13;10;0.0
p7;13;10;25430.943
p8;13;10;0.0
p9;13;10;0.0
p10;13;10;0.0
p11;13;10;0.0
p12;13;10;0.0
p13;13;10;0.0
p14;13;10;0.0
p15;13;10;29405.151000000005
p16;13;10;0.0
p17;13;10;24533.22
p18;13;10;0.0
p19;13;10;0.0
p20;13;10;0.0
p21;13;10;0.0
p22;13;10;0.0
p23;13;10;-0.0
p24;13;10;58165.19999999999
p25;13;10;0.0
p26;13;10;0.0
p27;13;10;0.0
p28;13;10;0.0
p1;14;10;12904.243
p2;14;10;0.0
p3;14;10;11589.936000000002
p4;14;10;0.0
p5;14;10;0.0
p6;14;10;0.0
p7;14;10;0.0
p8;14;10;0.0
p9;14;10;0.0
p10;14;10;0.0
p11;14;10;16503.039999999997
p12;14;10;0.0
p13;14;10;0.0
p14;14;10;0.0
p15;14;10;19299.210000000003
p16;14;10;0.0
p17;14;10;24618.801
p18;14;10;0.0
p19;14;10;0.0
p20;14;10;0.0
p21;14;10;0.0
p22;14;10;0.0
p23;14;10;-0.0
p24;14;10;62774.92799999999
p25;14;10;0.0
p26;14;10;0.0
p27;14;10;0.0
p28;14;10;0.0
p1;15;10;0.0
p2;15;10;0.0
p3;15;10;20518.419
p4;15;10;0.0
p5;15;10;0.0
p6;15;10;0.0
p7;15;10;34666.53
p8;15;10;0.0
p9;15;10;0.0
p10;15;10;0.0
p11;15;10;14736.698999999999
p12;15;10;1638.7500000000002
p13;15;10;0.0
p14;15;10;0.0
p15;15;10;41364.95700000001
p16;15;10;0.0
p17;15;10;20330.242000000002
p18;15;10;0.0
p19;15;10;0.0
p20;15;10;0.0
p21;15;10;9260.694000000001
p22;15;10;0.0
p23;15;10;-0.0
p24;15;10;0.0
p25;15;10;0.0
p26;15;10;0.0
p27;15;10;0.0
p28;15;10;0.0
p1;16;10;8211.791000000001
p2;16;10;-0.0
p3;16;10;20135.886000000002
p4;16;10;-0.0
p5;16;10;-0.0
p6;16;10;-0.0
p7;16;10;-0.0
p8;16;10;-0.0
p9;16;10;-0.0
p10;16;10;-0.0
p11;16;10;-0.0
p12;16;10;-0.0
p13;16;10;-0.0
p14;16;10;-0.0
p15;16;10;4078.5030000000006
p16;16;10;-0.0
p17;16;10;24352.549
p18;16;10;-0.0
p19;16;10;-0.0
p20;16;10;-0.0
p21;16;10;41557.653000000006
p22;16;10;-0.0
p23;16;10;-0.0
p24;16;10;51381.07199999999
p25;16;10;-0.0
p26;16;10;-0.0
p27;16;10;-0.0
p28;16;10;-0.0
p1;17;10;3587.1490000000003
p2;17;10;0.0
p3;17;10;0.0
p4;17;10;0.0
p5;17;10;15862.825000000004
p6;17;10;0.0
p7;17;10;23525.607
p8;17;10;0.0
p9;17;10;0.0
p10;17;10;0.0
p11;17;10;5608.455
p12;17;10;0.0
p13;17;10;0.0
p14;17;10;0.0
p15;17;10;55150.10700000001
p16;17;10;0.0
p17;17;10;36219.781
p18;17;10;0.0
p19;17;10;0.0
p20;17;10;0.0
p21;17;10;0.0
p22;17;10;0.0
p23;17;10;-0.0
p24;17;10;2174.3999999999996
p25;17;10;0.0
p26;17;10;0.0
p27;17;10;0.0
p28;17;10;0.0
p1;18;10;14789.361
p2;18;10;0.0
p3;18;10;30065.466000000004
p4;18;10;0.0
p5;18;10;0.0
p6;18;10;0.0
p7;18;10;0.0
p8;18;10;0.0
p9;18;10;0.0
p10;18;10;0.0
p11;18;10;15832.604
p12;18;10;12326.250000000002
p13;18;10;0.0
p14;18;10;0.0
p15;18;10;0.0
p16;18;10;0.0
p17;18;10;0.0
p18;18;10;0.0
p19;18;10;0.0
p20;18;10;0.0
p21;18;10;0.0
p22;18;10;0.0
p23;18;10;-0.0
p24;18;10;76451.90399999998
p25;18;10;0.0
p26;18;10;0.0
p27;18;10;0.0
p28;18;10;0.0
p1;19;10;9473.057
p2;19;10;0.0
p3;19;10;26126.190000000002
p4;19;10;0.0
p5;19;10;0.0
p6;19;10;0.0
p7;19;10;0.0
p8;19;10;0.0
p9;19;10;0.0
p10;19;10;0.0
p11;19;10;14646.447999999999
p12;19;10;0.0
p13;19;10;0.0
p14;19;10;0.0
p15;19;10;9811.224000000002
p16;19;10;0.0
p17;19;10;23810.536
p18;19;10;0.0
p19;19;10;0.0
p20;19;10;0.0
p21;19;10;0.0
p22;19;10;0.0
p23;19;10;-0.0
p24;19;10;62198.71199999999
p25;19;10;0.0
p26;19;10;0.0
p27;19;10;0.0
p28;19;10;0.0
p1;20;10;7750.683000000001
p2;20;10;0.0
p3;20;10;1033.6530000000002
p4;20;10;0.0
p5;20;10;0.0
p6;20;10;0.0
p7;20;10;32628.879
p8;20;10;0.0
p9;20;10;0.0
p10;20;10;0.0
p11;20;10;0.0
p12;20;10;0.0
p13;20;10;0.0
p14;20;10;0.0
p15;20;10;21609.411000000004
p16;20;10;0.0
p17;20;10;13379.163
p18;20;10;0.0
p19;20;10;0.0
p20;20;10;0.0
p21;20;10;9745.668
p22;20;10;0.0
p23;20;10;-0.0
p24;20;10;59872.10399999999
p25;20;10;0.0
p26;20;10;0.0
p27;20;10;0.0
p28;20;10;0.0
p1;21;10;1091.741
p2;21;10;0.0
p3;21;10;15285.042000000001
p4;21;10;0.0
p5;21;10;0.0
p6;21;10;0.0
p7;21;10;16036.578
p8;21;10;0.0
p9;21;10;0.0
p10;21;10;0.0
p11;21;10;0.0
p12;21;10;3092.2500000000005
p13;21;10;0.0
p14;21;10;0.0
p15;21;10;45348.39000000001
p16;21;10;0.0
p17;21;10;34555.706
p18;21;10;0.0
p19;21;10;0.0
p20;21;10;0.0
p21;21;10;11777.94
p22;21;10;0.0
p23;21;10;-0.0
p24;21;10;16329.743999999997
p25;21;10;0.0
p26;21;10;0.0
p27;21;10;0.0
p28;21;10;0.0
