f;t;r;value
Entero;1;1;177.0
Medio Pollo;1;1;249.0
Medio Pollo Superior;1;1;297.0
Medio Pollo Inferior;1;1;278.0
Cuarto de Pollo Superior;1;1;238.0
Muslo Entero;1;1;382.0
Pechuga Completa;1;1;274.0
Ala Completa;1;1;173.0
Media Pechuga;1;1;508.0
Blanqueta;1;1;0.0
Alón;1;1;0.0
Punta;1;1;0.0
Jamoncito;1;1;341.0
Medio Muslo;1;1;294.0
Entero;2;1;280.0
Medio Pollo;2;1;322.0
Medio Pollo Superior;2;1;754.6596005756961
Medio Pollo Inferior;2;1;442.0
Cuarto de Pollo Superior;2;1;693.1079474750936
Muslo Entero;2;1;936.5365289764894
Pechuga Completa;2;1;998.8885050530946
Ala Completa;2;1;548.4242321735285
Media Pechuga;2;1;1087.2544937474747
Blanqueta;2;1;0.0
Alón;2;1;0.0
Punta;2;1;0.3231241789959536
Jamoncito;2;1;463.2941493622243
Medio Muslo;2;1;1250.1306054827194
Entero;3;1;280.0
Medio Pollo;3;1;322.0
Medio Pollo Superior;3;1;414.0
Medio Pollo Inferior;3;1;1045.6551288013763
Cuarto de Pollo Superior;3;1;340.0
Muslo Entero;3;1;1350.3422667558639
Pechuga Completa;3;1;582.1496358532904
Ala Completa;3;1;721.0956522261812
Media Pechuga;3;1;2822.2277450336333
Blanqueta;3;1;14.848309304129359
Alón;3;1;15.268196125634837
Punta;3;1;0.5504144616138458
Jamoncito;3;1;553.9218904372838
Medio Muslo;3;1;428.0
Entero;4;1;658.9166187290206
Medio Pollo;4;1;652.584423310708
Medio Pollo Superior;4;1;518.9066088613861
Medio Pollo Inferior;4;1;442.0
Cuarto de Pollo Superior;4;1;992.8073066876568
Muslo Entero;4;1;1192.8636917887811
Pechuga Completa;4;1;1312.9337544199338
Ala Completa;4;1;411.4062384169673
Media Pechuga;4;1;2556.2473909030546
Blanqueta;4;1;76.8879094747742
Alón;4;1;32.356429761799205
Punta;4;1;2.39230493915853
Jamoncito;4;1;422.0
Medio Muslo;4;1;428.0
Entero;5;1;957.4519936934004
Medio Pollo;5;1;721.0103565155015
Medio Pollo Superior;5;1;414.0
Medio Pollo Inferior;5;1;442.0
Cuarto de Pollo Superior;5;1;340.0
Muslo Entero;5;1;1022.0195004632166
Pechuga Completa;5;1;588.674291324026
Ala Completa;5;1;671.6429032247113
Media Pechuga;5;1;3819.4880590894522
Blanqueta;5;1;36.39068875495576
Alón;5;1;18.621422378060966
Punta;5;1;1.5650119839963623
Jamoncito;5;1;422.0
Medio Muslo;5;1;1366.266306739175
Entero;6;1;611.6893915915274
Medio Pollo;6;1;892.2333713097335
Medio Pollo Superior;6;1;490.5904964741858
Medio Pollo Inferior;6;1;442.0
Cuarto de Pollo Superior;6;1;340.0
Muslo Entero;6;1;1188.0351375502196
Pechuga Completa;6;1;798.0383517534942
Ala Completa;6;1;839.7046701834774
Media Pechuga;6;1;4487.711036289834
Blanqueta;6;1;33.13516855612821
Alón;6;1;14.442661762622159
Punta;6;1;3.0497838669310813
Jamoncito;6;1;703.5849126320588
Medio Muslo;6;1;970.4460299288362
Entero;7;1;613.8833098717664
Medio Pollo;7;1;322.0
Medio Pollo Superior;7;1;987.0029267751036
Medio Pollo Inferior;7;1;680.4700883127437
Cuarto de Pollo Superior;7;1;340.0
Muslo Entero;7;1;1890.0626138169653
Pechuga Completa;7;1;402.0
Ala Completa;7;1;800.2111516571256
Media Pechuga;7;1;4552.773062472674
Blanqueta;7;1;80.46784378378197
Alón;7;1;24.566005738974695
Punta;7;1;0.0
Jamoncito;7;1;718.8732470024199
Medio Muslo;7;1;764.0453906301482
Entero;8;1;448.94683034070044
Medio Pollo;8;1;598.5057967470791
Medio Pollo Superior;8;1;414.0
Medio Pollo Inferior;8;1;690.9404094272643
Cuarto de Pollo Superior;8;1;590.2339021380171
Muslo Entero;8;1;2382.5021466759235
Pechuga Completa;8;1;1184.9283498487853
Ala Completa;8;1;996.9876043466911
Media Pechuga;8;1;5324.752256116149
Blanqueta;8;1;124.2155907719289
Alón;8;1;32.30287705377313
Punta;8;1;0.7319818060601957
Jamoncito;8;1;1206.6384873093066
Medio Muslo;8;1;1514.52739467001
Entero;9;1;332.256704743857
Medio Pollo;9;1;893.9891591799435
Medio Pollo Superior;9;1;430.056489720065
Medio Pollo Inferior;9;1;776.7372771990135
Cuarto de Pollo Superior;9;1;794.6615923390436
Muslo Entero;9;1;2454.145706855077
Pechuga Completa;9;1;1767.1959699668341
Ala Completa;9;1;569.3577264596539
Media Pechuga;9;1;6178.992047128526
Blanqueta;9;1;129.65775434731296
Alón;9;1;38.01685203477889
Punta;9;1;0.0
Jamoncito;9;1;1206.9368745893946
Medio Muslo;9;1;994.713975717983
Entero;10;1;714.9650437811068
Medio Pollo;10;1;719.8317983542697
Medio Pollo Superior;10;1;1205.9691573373093
Medio Pollo Inferior;10;1;2085.897506587974
Cuarto de Pollo Superior;10;1;340.0
Muslo Entero;10;1;2443.7869179706418
Pechuga Completa;10;1;883.4780106626481
Ala Completa;10;1;589.2195308721856
Media Pechuga;10;1;5611.457773095789
Blanqueta;10;1;34.873869303551956
Alón;10;1;0.0
Punta;10;1;0.0
Jamoncito;10;1;1225.501254302802
Medio Muslo;10;1;428.0
Entero;11;1;280.0
Medio Pollo;11;1;322.0
Medio Pollo Superior;11;1;414.0
Medio Pollo Inferior;11;1;1242.643434090013
Cuarto de Pollo Superior;11;1;1169.726167397762
Muslo Entero;11;1;2674.320702231004
Pechuga Completa;11;1;3179.56339456003
Ala Completa;11;1;912.652580965407
Media Pechuga;11;1;4034.207397634896
Blanqueta;11;1;36.92943681775657
Alón;11;1;0.0
Punta;11;1;0.019111670031294103
Jamoncito;11;1;1898.5599964371397
Medio Muslo;11;1;1503.1091533062374
Entero;12;1;280.0
Medio Pollo;12;1;322.0
Medio Pollo Superior;12;1;3356.6106305490393
Medio Pollo Inferior;12;1;1385.103425406897
Cuarto de Pollo Superior;12;1;880.5120579519182
Muslo Entero;12;1;2663.1902503011233
Pechuga Completa;12;1;1858.655414078057
Ala Completa;12;1;385.85443800923275
Media Pechuga;12;1;4533.052855373494
Blanqueta;12;1;64.20236842748585
Alón;12;1;26.469999341679785
Punta;12;1;0.0
Jamoncito;12;1;2199.6681569812467
Medio Muslo;12;1;1876.4637411590832
Entero;13;1;1970.348266639942
Medio Pollo;13;1;1593.5017396630174
Medio Pollo Superior;13;1;2389.810654865316
Medio Pollo Inferior;13;1;442.0
Cuarto de Pollo Superior;13;1;340.0
Muslo Entero;13;1;3113.7372241736375
Pechuga Completa;13;1;2687.8166584546125
Ala Completa;13;1;530.289411604046
Media Pechuga;13;1;3828.868985787218
Blanqueta;13;1;67.6673547300222
Alón;13;1;9.123604058246563
Punta;13;1;2.0094597158352494
Jamoncito;13;1;1952.738274704744
Medio Muslo;13;1;2476.392347190068
Entero;14;1;1258.3649028158134
Medio Pollo;14;1;2862.435030755515
Medio Pollo Superior;14;1;1594.9565027782453
Medio Pollo Inferior;14;1;963.7753020220412
Cuarto de Pollo Superior;14;1;806.8031478403366
Muslo Entero;14;1;3342.438524884451
Pechuga Completa;14;1;402.0
Ala Completa;14;1;840.8606905869568
Media Pechuga;14;1;5442.180268349047
Blanqueta;14;1;100.84095160740645
Alón;14;1;24.227462412462245
Punta;14;1;0.0
Jamoncito;14;1;1475.425376255775
Medio Muslo;14;1;1165.611194856146
Entero;15;1;1223.4522159174062
Medio Pollo;15;1;2189.4479486998
Medio Pollo Superior;15;1;414.0
Medio Pollo Inferior;15;1;1172.1316935623913
Cuarto de Pollo Superior;15;1;1197.9329022981108
Muslo Entero;15;1;3954.768782773097
Pechuga Completa;15;1;1031.772867015102
Ala Completa;15;1;883.2110200331447
Media Pechuga;15;1;5806.252759578424
Blanqueta;15;1;197.04586205043495
Alón;15;1;51.76339495676395
Punta;15;1;0.0
Jamoncito;15;1;1511.3484357682228
Medio Muslo;15;1;1383.8131291950435
Entero;16;1;677.0520454077318
Medio Pollo;16;1;2923.631895816399
Medio Pollo Superior;16;1;595.2986919157697
Medio Pollo Inferior;16;1;663.7791101058723
Cuarto de Pollo Superior;16;1;403.6236265924738
Muslo Entero;16;1;3393.375222328221
Pechuga Completa;16;1;1836.3701097840842
Ala Completa;16;1;568.437537647022
Media Pechuga;16;1;5841.80536650844
Blanqueta;16;1;223.88052936448855
Alón;16;1;30.575765492901652
Punta;16;1;1.96491877061211
Jamoncito;16;1;1797.8376313893
Medio Muslo;16;1;2896.211470788645
Entero;17;1;1280.737066862372
Medio Pollo;17;1;1873.4508047770455
Medio Pollo Superior;17;1;879.2762864058307
Medio Pollo Inferior;17;1;1255.798472780005
Cuarto de Pollo Superior;17;1;2374.81975847028
Muslo Entero;17;1;4409.747102258929
Pechuga Completa;17;1;402.0
Ala Completa;17;1;397.7835830353082
Media Pechuga;17;1;4732.226496867153
Blanqueta;17;1;122.64781426780864
Alón;17;1;0.0
Punta;17;1;0.39337302521186857
Jamoncito;17;1;962.5914597259168
Medio Muslo;17;1;1698.7661465702463
Entero;18;1;758.5064325221264
Medio Pollo;18;1;856.6730023206808
Medio Pollo Superior;18;1;1351.3025077270643
Medio Pollo Inferior;18;1;2283.047841026184
Cuarto de Pollo Superior;18;1;787.2110624943466
Muslo Entero;18;1;4372.861387956989
Pechuga Completa;18;1;560.6163811693195
Ala Completa;18;1;634.3007156335468
Media Pechuga;18;1;5177.329852459723
Blanqueta;18;1;134.4246350756714
Alón;18;1;17.833497249068103
Punta;18;1;4.156090842445084
Jamoncito;18;1;463.1860500080047
Medio Muslo;18;1;2384.0036121020457
Entero;19;1;1747.7515069359051
Medio Pollo;19;1;2382.811695310201
Medio Pollo Superior;19;1;414.0
Medio Pollo Inferior;19;1;1222.452946582404
Cuarto de Pollo Superior;19;1;340.0
Muslo Entero;19;1;4092.419049200902
Pechuga Completa;19;1;844.5859413122539
Ala Completa;19;1;830.7579011238503
Media Pechuga;19;1;5318.615291347826
Blanqueta;19;1;95.96943949707392
Alón;19;1;0.0
Punta;19;1;4.543002749318337
Jamoncito;19;1;498.9241556083359
Medio Muslo;19;1;2122.0130608537593
Entero;20;1;1989.6365852306249
Medio Pollo;20;1;1360.9541522076527
Medio Pollo Superior;20;1;921.6710625726721
Medio Pollo Inferior;20;1;1149.3234221058865
Cuarto de Pollo Superior;20;1;1128.738538892096
Muslo Entero;20;1;4082.6223899343054
Pechuga Completa;20;1;725.0031505552633
Ala Completa;20;1;527.4182890941166
Media Pechuga;20;1;5398.502649534827
Blanqueta;20;1;103.3728193369517
Alón;20;1;30.06192832590569
Punta;20;1;7.532433569869141
Jamoncito;20;1;422.0
Medio Muslo;20;1;2781.049430242524
Entero;21;1;1548.8932981223143
Medio Pollo;21;1;904.6306884356528
Medio Pollo Superior;21;1;2943.4851986511153
Medio Pollo Inferior;21;1;442.0
Cuarto de Pollo Superior;21;1;495.1305278243037
Muslo Entero;21;1;3710.9517426756415
Pechuga Completa;21;1;880.379438111906
Ala Completa;21;1;348.9516897582573
Media Pechuga;21;1;4805.104631348726
Blanqueta;21;1;66.40976160896548
Alón;21;1;12.948948290099441
Punta;21;1;2.901390666797381
Jamoncito;21;1;1295.3135840046334
Medio Muslo;21;1;3052.752393447544
Entero;1;2;177.0
Medio Pollo;1;2;249.0
Medio Pollo Superior;1;2;297.0
Medio Pollo Inferior;1;2;278.0
Cuarto de Pollo Superior;1;2;238.0
Muslo Entero;1;2;382.0
Pechuga Completa;1;2;274.0
Ala Completa;1;2;173.0
Media Pechuga;1;2;508.0
Blanqueta;1;2;0.0
Alón;1;2;0.0
Punta;1;2;0.0
Jamoncito;1;2;341.0
Medio Muslo;1;2;294.0
Entero;2;2;626.0117008271723
Medio Pollo;2;2;322.0
Medio Pollo Superior;2;2;414.0
Medio Pollo Inferior;2;2;699.5635642206098
Cuarto de Pollo Superior;2;2;649.013907855167
Muslo Entero;2;2;961.9544318769605
Pechuga Completa;2;2;402.0
Ala Completa;2;2;222.0
Media Pechuga;2;2;730.0
Blanqueta;2;2;0.0
Alón;2;2;0.0
Punta;2;2;0.0
Jamoncito;2;2;591.7114354453636
Medio Muslo;2;2;958.6703906748528
Entero;3;2;280.0
Medio Pollo;3;2;921.3458515407223
Medio Pollo Superior;3;2;602.7150733936437
Medio Pollo Inferior;3;2;556.0545757570476
Cuarto de Pollo Superior;3;2;340.0
Muslo Entero;3;2;1100.035948499703
Pechuga Completa;3;2;402.0
Ala Completa;3;2;466.0199484762261
Media Pechuga;3;2;1526.865659905833
Blanqueta;3;2;2.936285262858082
Alón;3;2;2.0291713295530887
Punta;3;2;0.14310638585511026
Jamoncito;3;2;517.423825606231
Medio Muslo;3;2;624.4283745346136
Entero;4;2;280.0
Medio Pollo;4;2;322.0
Medio Pollo Superior;4;2;414.0
Medio Pollo Inferior;4;2;882.2442232484459
Cuarto de Pollo Superior;4;2;908.517636931391
Muslo Entero;4;2;1133.9972403412633
Pechuga Completa;4;2;402.0
Ala Completa;4;2;400.40311018780415
Media Pechuga;4;2;2215.9115605292072
Blanqueta;4;2;13.270256704648531
Alón;4;2;12.951732115958087
Punta;4;2;0.0
Jamoncito;4;2;1077.1281360212668
Medio Muslo;4;2;797.9035149537699
Entero;5;2;1657.6951019243627
Medio Pollo;5;2;322.0
Medio Pollo Superior;5;2;592.5302196096127
Medio Pollo Inferior;5;2;1432.748759597821
Cuarto de Pollo Superior;5;2;610.4843315995256
Muslo Entero;5;2;1407.0074547555919
Pechuga Completa;5;2;1190.6827262323243
Ala Completa;5;2;222.0
Media Pechuga;5;2;2559.08234168572
Blanqueta;5;2;15.027982462512607
Alón;5;2;8.465296811579133
Punta;5;2;1.545076020827378
Jamoncito;5;2;1271.7727548717917
Medio Muslo;5;2;428.0
Entero;6;2;955.4337894887584
Medio Pollo;6;2;322.0
Medio Pollo Superior;6;2;429.1012554580643
Medio Pollo Inferior;6;2;2285.9939936371534
Cuarto de Pollo Superior;6;2;430.1618756133387
Muslo Entero;6;2;1499.5409619162024
Pechuga Completa;6;2;1685.5207775259357
Ala Completa;6;2;222.0
Media Pechuga;6;2;3171.8640078520148
Blanqueta;6;2;0.0
Alón;6;2;0.005397564175254388
Punta;6;2;0.41444944201802203
Jamoncito;6;2;1510.20466561795
Medio Muslo;6;2;1427.093820020623
Entero;7;2;293.0711997492623
Medio Pollo;7;2;533.2241901004334
Medio Pollo Superior;7;2;802.764760504398
Medio Pollo Inferior;7;2;3072.6513652186936
Cuarto de Pollo Superior;7;2;340.0
Muslo Entero;7;2;1674.4801439183702
Pechuga Completa;7;2;1524.1397255651696
Ala Completa;7;2;478.80584701368514
Media Pechuga;7;2;2957.3020556532656
Blanqueta;7;2;0.0
Alón;7;2;0.0013667413187332042
Punta;7;2;0.0176910165675766
Jamoncito;7;2;1002.512734690564
Medio Muslo;7;2;1398.6987468119619
Entero;8;2;1085.8495218505768
Medio Pollo;8;2;690.4482262652157
Medio Pollo Superior;8;2;414.0
Medio Pollo Inferior;8;2;2001.9077185858139
Cuarto de Pollo Superior;8;2;976.5458255083795
Muslo Entero;8;2;1693.9179133844204
Pechuga Completa;8;2;2264.431235058757
Ala Completa;8;2;222.0
Media Pechuga;8;2;2714.5180552902752
Blanqueta;8;2;3.509518763829359
Alón;8;2;0.0
Punta;8;2;0.0
Jamoncito;8;2;636.8792094747218
Medio Muslo;8;2;1526.6380044023708
Entero;9;2;860.3961561129863
Medio Pollo;9;2;556.9690995386188
Medio Pollo Superior;9;2;1201.4553232148046
Medio Pollo Inferior;9;2;1024.2656383819192
Cuarto de Pollo Superior;9;2;340.0
Muslo Entero;9;2;2188.680267772188
Pechuga Completa;9;2;2964.41398665382
Ala Completa;9;2;741.4518381087271
Media Pechuga;9;2;3066.535676344069
Blanqueta;9;2;0.0
Alón;9;2;0.0
Punta;9;2;0.0
Jamoncito;9;2;750.1171833456244
Medio Muslo;9;2;1440.3544437560718
Entero;10;2;711.5891849077891
Medio Pollo;10;2;697.8999541392225
Medio Pollo Superior;10;2;881.879402858686
Medio Pollo Inferior;10;2;967.6149730723598
Cuarto de Pollo Superior;10;2;1591.593134492887
Muslo Entero;10;2;2638.2120910511285
Pechuga Completa;10;2;957.5866317914677
Ala Completa;10;2;396.1079805043614
Media Pechuga;10;2;4019.841567477271
Blanqueta;10;2;34.50807303148292
Alón;10;2;0.13643412968480817
Punta;10;2;0.0
Jamoncito;10;2;818.50793430512
Medio Muslo;10;2;1934.812478068911
Entero;11;2;321.8413883061137
Medio Pollo;11;2;1006.0693296793991
Medio Pollo Superior;11;2;864.6829246973332
Medio Pollo Inferior;11;2;2081.6706739729307
Cuarto de Pollo Superior;11;2;1147.1601104843435
Muslo Entero;11;2;2559.155501106781
Pechuga Completa;11;2;1323.6323642800603
Ala Completa;11;2;417.514195116819
Media Pechuga;11;2;4404.0660805052485
Blanqueta;11;2;37.598972197812415
Alón;11;2;0.0
Punta;11;2;1.1260964381986245
Jamoncito;11;2;1067.541867407627
Medio Muslo;11;2;1597.063410273751
Entero;12;2;467.6529822718926
Medio Pollo;12;2;975.9132349436544
Medio Pollo Superior;12;2;838.9664720014316
Medio Pollo Inferior;12;2;782.2303124574908
Cuarto de Pollo Superior;12;2;676.4352972759089
Muslo Entero;12;2;2650.380787457453
Pechuga Completa;12;2;2892.950895463675
Ala Completa;12;2;224.46796258544805
Media Pechuga;12;2;1797.4604273626303
Blanqueta;12;2;33.10295158588749
Alón;12;2;0.0
Punta;12;2;0.0
Jamoncito;12;2;1730.053002152595
Medio Muslo;12;2;1998.3989557272582
Entero;13;2;1311.1732448329662
Medio Pollo;13;2;694.7935878834897
Medio Pollo Superior;13;2;1173.8829978028434
Medio Pollo Inferior;13;2;1975.1618740268636
Cuarto de Pollo Superior;13;2;671.7725565259432
Muslo Entero;13;2;1963.883534644733
Pechuga Completa;13;2;1997.065327530554
Ala Completa;13;2;379.6473932997452
Media Pechuga;13;2;2939.075513980688
Blanqueta;13;2;15.603635696204236
Alón;13;2;0.0
Punta;13;2;0.0
Jamoncito;13;2;1593.3282296331263
Medio Muslo;13;2;1856.0186844623572
Entero;14;2;750.1946829575595
Medio Pollo;14;2;478.8821920528968
Medio Pollo Superior;14;2;1172.7144313409792
Medio Pollo Inferior;14;2;2131.583735636952
Cuarto de Pollo Superior;14;2;2360.941148033954
Muslo Entero;14;2;4644.724798567645
Pechuga Completa;14;2;1876.087184112222
Ala Completa;14;2;380.17772813980537
Media Pechuga;14;2;2848.6377793481347
Blanqueta;14;2;24.09155474038703
Alón;14;2;0.0
Punta;14;2;0.0
Jamoncito;14;2;497.8139575000894
Medio Muslo;14;2;975.187201657134
Entero;15;2;280.0
Medio Pollo;15;2;400.03473629746395
Medio Pollo Superior;15;2;2098.5082235261193
Medio Pollo Inferior;15;2;1065.8697486240048
Cuarto de Pollo Superior;15;2;1322.7382907130964
Muslo Entero;15;2;3242.0062534537674
Pechuga Completa;15;2;3170.7555441433938
Ala Completa;15;2;222.0
Media Pechuga;15;2;796.7975586416715
Blanqueta;15;2;45.03316310667691
Alón;15;2;18.51807548428392
Punta;15;2;0.0
Jamoncito;15;2;1662.3927307650488
Medio Muslo;15;2;2048.648586744893
Entero;16;2;1218.1395598420524
Medio Pollo;16;2;831.6691455609038
Medio Pollo Superior;16;2;2096.0138866610496
Medio Pollo Inferior;16;2;2877.200845792262
Cuarto de Pollo Superior;16;2;340.0
Muslo Entero;16;2;3134.3417456511206
Pechuga Completa;16;2;570.3555775022178
Ala Completa;16;2;499.07613554137936
Media Pechuga;16;2;3240.968969068833
Blanqueta;16;2;20.020997720129056
Alón;16;2;4.855416633277354
Punta;16;2;0.0
Jamoncito;16;2;783.5909973009767
Medio Muslo;16;2;1492.5309928995216
Entero;17;2;635.7864570624014
Medio Pollo;17;2;380.0613641722381
Medio Pollo Superior;17;2;1205.4082074657804
Medio Pollo Inferior;17;2;1541.703157398274
Cuarto de Pollo Superior;17;2;1015.0723557446811
Muslo Entero;17;2;3772.70919708415
Pechuga Completa;17;2;402.0
Ala Completa;17;2;302.9131636082492
Media Pechuga;17;2;4340.515769314405
Blanqueta;17;2;34.73389452140532
Alón;17;2;10.803124360063663
Punta;17;2;3.6523160488911195
Jamoncito;17;2;1173.4916232353562
Medio Muslo;17;2;1279.759467982833
Entero;18;2;1886.097199487372
Medio Pollo;18;2;739.2064994301595
Medio Pollo Superior;18;2;414.0
Medio Pollo Inferior;18;2;2055.3485621612576
Cuarto de Pollo Superior;18;2;340.0
Muslo Entero;18;2;3794.952053257558
Pechuga Completa;18;2;909.8766923250312
Ala Completa;18;2;271.89119835875226
Media Pechuga;18;2;3346.1827676117996
Blanqueta;18;2;12.626276858492307
Alón;18;2;0.0
Punta;18;2;0.0
Jamoncito;18;2;946.40502484316
Medio Muslo;18;2;428.0
Entero;19;2;989.351521347282
Medio Pollo;19;2;610.4402261533755
Medio Pollo Superior;19;2;974.6416184164323
Medio Pollo Inferior;19;2;1036.5045888636291
Cuarto de Pollo Superior;19;2;574.852728040124
Muslo Entero;19;2;4007.114730872578
Pechuga Completa;19;2;2994.4512574719174
Ala Completa;19;2;222.0
Media Pechuga;19;2;880.0668980176887
Blanqueta;19;2;3.7969935803305517
Alón;19;2;0.0
Punta;19;2;0.0
Jamoncito;19;2;1237.7255776340207
Medio Muslo;19;2;2047.636172803952
Entero;20;2;732.6050163802192
Medio Pollo;20;2;720.70033657094
Medio Pollo Superior;20;2;1660.042822956175
Medio Pollo Inferior;20;2;3380.645017625317
Cuarto de Pollo Superior;20;2;430.6472424248109
Muslo Entero;20;2;3745.362941148126
Pechuga Completa;20;2;1260.300421281721
Ala Completa;20;2;222.0
Media Pechuga;20;2;2549.1213045548097
Blanqueta;20;2;0.0
Alón;20;2;0.0
Punta;20;2;0.0
Jamoncito;20;2;996.5676490217454
Medio Muslo;20;2;428.0
Entero;21;2;593.4025940850504
Medio Pollo;21;2;322.0
Medio Pollo Superior;21;2;1189.033200908228
Medio Pollo Inferior;21;2;2022.448274619277
Cuarto de Pollo Superior;21;2;801.9052429972926
Muslo Entero;21;2;4761.92949739657
Pechuga Completa;21;2;402.0
Ala Completa;21;2;310.53506162294093
Media Pechuga;21;2;3175.605608682289
Blanqueta;21;2;5.361670660542881
Alón;21;2;1.2636644794967244
Punta;21;2;0.0
Jamoncito;21;2;981.9200586061784
Medio Muslo;21;2;428.0
Entero;1;3;177.0
Medio Pollo;1;3;249.0
Medio Pollo Superior;1;3;297.0
Medio Pollo Inferior;1;3;278.0
Cuarto de Pollo Superior;1;3;238.0
Muslo Entero;1;3;382.0
Pechuga Completa;1;3;274.0
Ala Completa;1;3;173.0
Media Pechuga;1;3;508.0
Blanqueta;1;3;0.0
Alón;1;3;0.0
Punta;1;3;0.0
Jamoncito;1;3;341.0
Medio Muslo;1;3;294.0
Entero;2;3;575.9649787723201
Medio Pollo;2;3;322.0
Medio Pollo Superior;2;3;462.82095999010403
Medio Pollo Inferior;2;3;442.0
Cuarto de Pollo Superior;2;3;784.8962218946363
Muslo Entero;2;3;496.0
Pechuga Completa;2;3;402.0
Ala Completa;2;3;222.0
Media Pechuga;2;3;1417.937246835359
Blanqueta;2;3;0.0
Alón;2;3;0.0
Punta;2;3;0.0
Jamoncito;2;3;422.0
Medio Muslo;2;3;815.2822931366306
Entero;3;3;409.14585825686913
Medio Pollo;3;3;322.0
Medio Pollo Superior;3;3;684.6712713119173
Medio Pollo Inferior;3;3;442.0
Cuarto de Pollo Superior;3;3;340.0
Muslo Entero;3;3;806.7768222661016
Pechuga Completa;3;3;576.4479101687671
Ala Completa;3;3;315.2503611134937
Media Pechuga;3;3;2239.904417770627
Blanqueta;3;3;2.079965026539549
Alón;3;3;0.0
Punta;3;3;0.0
Jamoncito;3;3;780.9890848669321
Medio Muslo;3;3;803.9196391517241
Entero;4;3;319.84225811507963
Medio Pollo;4;3;322.0
Medio Pollo Superior;4;3;1070.7327251601953
Medio Pollo Inferior;4;3;442.0
Cuarto de Pollo Superior;4;3;483.6284476990352
Muslo Entero;4;3;1305.1632582524055
Pechuga Completa;4;3;402.0
Ala Completa;4;3;268.39014665798027
Media Pechuga;4;3;1035.454854928079
Blanqueta;4;3;0.0
Alón;4;3;0.033178342800310734
Punta;4;3;0.0
Jamoncito;4;3;464.3036400595304
Medio Muslo;4;3;428.0
Entero;5;3;523.7775389308317
Medio Pollo;5;3;587.0164399274659
Medio Pollo Superior;5;3;414.0
Medio Pollo Inferior;5;3;455.0450415385326
Cuarto de Pollo Superior;5;3;539.2668045005885
Muslo Entero;5;3;1275.466142397253
Pechuga Completa;5;3;654.022416270991
Ala Completa;5;3;274.08037760533693
Media Pechuga;5;3;1563.5816764731583
Blanqueta;5;3;2.247462418790601
Alón;5;3;0.7372743855980826
Punta;5;3;0.0
Jamoncito;5;3;975.2588380165465
Medio Muslo;5;3;803.9182862831922
Entero;6;3;938.3607452303808
Medio Pollo;6;3;766.1737856067632
Medio Pollo Superior;6;3;417.54272327228773
Medio Pollo Inferior;6;3;1287.8050234042175
Cuarto de Pollo Superior;6;3;340.0
Muslo Entero;6;3;588.870072811967
Pechuga Completa;6;3;1178.124047850756
Ala Completa;6;3;331.3248510161675
Media Pechuga;6;3;1648.5032615294401
Blanqueta;6;3;4.113855498515685
Alón;6;3;1.38113681205351
Punta;6;3;0.0
Jamoncito;6;3;509.81380659605156
Medio Muslo;6;3;590.1721224954813
Entero;7;3;698.6574450370916
Medio Pollo;7;3;924.5547824100436
Medio Pollo Superior;7;3;799.4421598306565
Medio Pollo Inferior;7;3;1122.797650289389
Cuarto de Pollo Superior;7;3;340.0
Muslo Entero;7;3;496.0
Pechuga Completa;7;3;2866.3722581630036
Ala Completa;7;3;290.9271518679694
Media Pechuga;7;3;730.0
Blanqueta;7;3;2.51441531152083
Alón;7;3;0.0
Punta;7;3;0.715897014566039
Jamoncito;7;3;894.2316276959161
Medio Muslo;7;3;1229.2328518043582
Entero;8;3;787.4835916092
Medio Pollo;8;3;322.0
Medio Pollo Superior;8;3;665.4090534867257
Medio Pollo Inferior;8;3;2119.523172324464
Cuarto de Pollo Superior;8;3;1664.8799495272578
Muslo Entero;8;3;1382.047127776
Pechuga Completa;8;3;2140.581820839374
Ala Completa;8;3;508.51038690822213
Media Pechuga;8;3;1578.1351306456131
Blanqueta;8;3;4.9376440816140565
Alón;8;3;0.0
Punta;8;3;0.3351535233319425
Jamoncito;8;3;740.6714298491407
Medio Muslo;8;3;428.0
Entero;9;3;969.0652904912574
Medio Pollo;9;3;950.8152124629726
Medio Pollo Superior;9;3;851.0552904792175
Medio Pollo Inferior;9;3;1745.3247549112625
Cuarto de Pollo Superior;9;3;340.0
Muslo Entero;9;3;1167.3074133700695
Pechuga Completa;9;3;3632.922449841141
Ala Completa;9;3;346.57983501840897
Media Pechuga;9;3;1686.708565041682
Blanqueta;9;3;39.62552526233618
Alón;9;3;16.728279773217587
Punta;9;3;0.0
Jamoncito;9;3;1000.5769331238658
Medio Muslo;9;3;719.3072127211672
Entero;10;3;280.0
Medio Pollo;10;3;322.0
Medio Pollo Superior;10;3;1065.144695343054
Medio Pollo Inferior;10;3;1451.0524420326637
Cuarto de Pollo Superior;10;3;1484.3215846522894
Muslo Entero;10;3;1987.8067447198653
Pechuga Completa;10;3;1374.6153132030904
Ala Completa;10;3;639.4628681056846
Media Pechuga;10;3;3960.4707863334816
Blanqueta;10;3;16.020709517365095
Alón;10;3;3.534914334928555
Punta;10;3;0.0
Jamoncito;10;3;477.4989597486119
Medio Muslo;10;3;428.0
Entero;11;3;1201.4521071557954
Medio Pollo;11;3;322.0
Medio Pollo Superior;11;3;1417.552417105334
Medio Pollo Inferior;11;3;726.7452104579048
Cuarto de Pollo Superior;11;3;433.1084972536677
Muslo Entero;11;3;2266.162907948031
Pechuga Completa;11;3;1149.414039744523
Ala Completa;11;3;450.2761658475787
Media Pechuga;11;3;3985.648155480774
Blanqueta;11;3;52.72340872884695
Alón;11;3;8.400419488281074
Punta;11;3;2.3526980883010378
Jamoncito;11;3;643.7738500342255
Medio Muslo;11;3;428.0
Entero;12;3;1375.5760435219422
Medio Pollo;12;3;558.3211060821732
Medio Pollo Superior;12;3;414.0
Medio Pollo Inferior;12;3;442.0
Cuarto de Pollo Superior;12;3;1130.9343317062244
Muslo Entero;12;3;2416.404646248877
Pechuga Completa;12;3;2638.4326411341144
Ala Completa;12;3;710.7883996928123
Media Pechuga;12;3;4190.631379680569
Blanqueta;12;3;30.06335339127378
Alón;12;3;0.34510906776299066
Punta;12;3;0.0
Jamoncito;12;3;671.6431273428213
Medio Muslo;12;3;652.8428563747616
Entero;13;3;2524.1099651350496
Medio Pollo;13;3;1460.31309495599
Medio Pollo Superior;13;3;631.7720678452968
Medio Pollo Inferior;13;3;1121.574561053682
Cuarto de Pollo Superior;13;3;716.6355345027115
Muslo Entero;13;3;1425.8984073918548
Pechuga Completa;13;3;2513.1223071289187
Ala Completa;13;3;601.0923484203742
Media Pechuga;13;3;4767.697729483934
Blanqueta;13;3;80.36760316068901
Alón;13;3;0.0
Punta;13;3;0.0
Jamoncito;13;3;868.0284073526159
Medio Muslo;13;3;1302.5912216538295
Entero;14;3;2331.78393598454
Medio Pollo;14;3;322.0
Medio Pollo Superior;14;3;1672.0643856605109
Medio Pollo Inferior;14;3;695.8573250985222
Cuarto de Pollo Superior;14;3;1274.2911773575152
Muslo Entero;14;3;2153.6130298800144
Pechuga Completa;14;3;1770.5516655106574
Ala Completa;14;3;440.9890947365566
Media Pechuga;14;3;3575.7611840513314
Blanqueta;14;3;89.78300915529888
Alón;14;3;12.309829202529695
Punta;14;3;0.0
Jamoncito;14;3;1244.827659295392
Medio Muslo;14;3;2144.608654687496
Entero;15;3;1158.8784990505662
Medio Pollo;15;3;1708.8581100220345
Medio Pollo Superior;15;3;463.5996575209761
Medio Pollo Inferior;15;3;860.9649143715748
Cuarto de Pollo Superior;15;3;1514.3642034000968
Muslo Entero;15;3;2466.9435311376237
Pechuga Completa;15;3;2136.1382019024386
Ala Completa;15;3;304.23755102747657
Media Pechuga;15;3;3857.1472977015756
Blanqueta;15;3;112.29697185756699
Alón;15;3;20.886574658994256
Punta;15;3;2.2175199367071237
Jamoncito;15;3;928.7250630046457
Medio Muslo;15;3;2052.2904228380753
Entero;16;3;1657.7801261048708
Medio Pollo;16;3;2539.3533781022234
Medio Pollo Superior;16;3;1017.9204221688667
Medio Pollo Inferior;16;3;793.5103526033987
Cuarto de Pollo Superior;16;3;493.59849307293644
Muslo Entero;16;3;2129.555030839164
Pechuga Completa;16;3;1772.382667052454
Ala Completa;16;3;520.3523832199811
Media Pechuga;16;3;3735.7357589197354
Blanqueta;16;3;63.85651088611922
Alón;16;3;1.2668170369078773
Punta;16;3;0.0
Jamoncito;16;3;1382.7144435374373
Medio Muslo;16;3;1271.0926932679797
Entero;17;3;554.1248007682184
Medio Pollo;17;3;1750.231799666614
Medio Pollo Superior;17;3;414.0
Medio Pollo Inferior;17;3;2246.7751289642183
Cuarto de Pollo Superior;17;3;340.0
Muslo Entero;17;3;2425.283129214547
Pechuga Completa;17;3;878.9781899720356
Ala Completa;17;3;745.8630912384801
Media Pechuga;17;3;4892.031297262958
Blanqueta;17;3;59.474693619488285
Alón;17;3;19.71376723118509
Punta;17;3;0.0
Jamoncito;17;3;1261.3520307910726
Medio Muslo;17;3;428.0
Entero;18;3;1842.789093128117
Medio Pollo;18;3;880.3853585703732
Medio Pollo Superior;18;3;414.0
Medio Pollo Inferior;18;3;1156.114135729869
Cuarto de Pollo Superior;18;3;340.0
Muslo Entero;18;3;3034.888054159571
Pechuga Completa;18;3;2510.0558539413696
Ala Completa;18;3;397.5587191730791
Media Pechuga;18;3;4218.767395486893
Blanqueta;18;3;81.02582625818283
Alón;18;3;4.588994049646544
Punta;18;3;0.9684622499420215
Jamoncito;18;3;2038.2113985516626
Medio Muslo;18;3;428.0
Entero;19;3;1469.0154684900272
Medio Pollo;19;3;866.0492460089308
Medio Pollo Superior;19;3;414.0
Medio Pollo Inferior;19;3;698.8025654291673
Cuarto de Pollo Superior;19;3;340.0
Muslo Entero;19;3;2732.041742006443
Pechuga Completa;19;3;2878.741627754441
Ala Completa;19;3;330.4312511267625
Media Pechuga;19;3;3324.4227641348175
Blanqueta;19;3;43.60096441520813
Alón;19;3;1.4940432450421
Punta;19;3;0.27110650518860124
Jamoncito;19;3;2607.4548453358675
Medio Muslo;19;3;1454.9526775447432
Entero;20;3;1187.1490567371652
Medio Pollo;20;3;322.0
Medio Pollo Superior;20;3;662.279616079772
Medio Pollo Inferior;20;3;2566.022130342953
Cuarto de Pollo Superior;20;3;340.0
Muslo Entero;20;3;2356.4119376807653
Pechuga Completa;20;3;1929.0011438375886
Ala Completa;20;3;513.8967617332221
Media Pechuga;20;3;5325.953155451522
Blanqueta;20;3;9.696113126161698
Alón;20;3;0.0
Punta;20;3;0.07345993242036014
Jamoncito;20;3;2507.931325133128
Medio Muslo;20;3;428.0
Entero;21;3;428.4959200001497
Medio Pollo;21;3;322.0
Medio Pollo Superior;21;3;1150.5344051118636
Medio Pollo Inferior;21;3;2297.087707708058
Cuarto de Pollo Superior;21;3;995.1121834780433
Muslo Entero;21;3;2716.2312874994914
Pechuga Completa;21;3;3295.2735724134864
Ala Completa;21;3;235.34184297089882
Media Pechuga;21;3;5128.379775270342
Blanqueta;21;3;0.0
Alón;21;3;0.0
Punta;21;3;0.0
Jamoncito;21;3;2452.971184602182
Medio Muslo;21;3;560.4385778051283
Entero;1;4;177.0
Medio Pollo;1;4;249.0
Medio Pollo Superior;1;4;297.0
Medio Pollo Inferior;1;4;278.0
Cuarto de Pollo Superior;1;4;238.0
Muslo Entero;1;4;382.0
Pechuga Completa;1;4;274.0
Ala Completa;1;4;173.0
Media Pechuga;1;4;508.0
Blanqueta;1;4;0.0
Alón;1;4;0.0
Punta;1;4;0.0
Jamoncito;1;4;341.0
Medio Muslo;1;4;294.0
Entero;2;4;689.9262173449189
Medio Pollo;2;4;322.0
Medio Pollo Superior;2;4;414.0
Medio Pollo Inferior;2;4;442.0
Cuarto de Pollo Superior;2;4;641.8040481128828
Muslo Entero;2;4;811.0710428069424
Pechuga Completa;2;4;402.0
Ala Completa;2;4;355.98417098694506
Media Pechuga;2;4;842.0683370149404
Blanqueta;2;4;0.0
Alón;2;4;0.0
Punta;2;4;0.4301821429349386
Jamoncito;2;4;422.0
Medio Muslo;2;4;595.8885399125779
Entero;3;4;612.3593412152732
Medio Pollo;3;4;696.4345743943145
Medio Pollo Superior;3;4;787.6340352105587
Medio Pollo Inferior;3;4;644.3062201668763
Cuarto de Pollo Superior;3;4;1042.575240955098
Muslo Entero;3;4;1427.840485403723
Pechuga Completa;3;4;1345.0673743981845
Ala Completa;3;4;662.8429315158304
Media Pechuga;3;4;1407.107823589089
Blanqueta;3;4;19.38959339134474
Alón;3;4;0.0
Punta;3;4;0.0
Jamoncito;3;4;488.48065189680915
Medio Muslo;3;4;428.0
Entero;4;4;655.486116568688
Medio Pollo;4;4;322.0
Medio Pollo Superior;4;4;2359.7269079589933
Medio Pollo Inferior;4;4;963.1151501942805
Cuarto de Pollo Superior;4;4;340.0
Muslo Entero;4;4;1617.2812949817567
Pechuga Completa;4;4;402.0
Ala Completa;4;4;222.0
Media Pechuga;4;4;1493.0878320739348
Blanqueta;4;4;80.76093874471348
Alón;4;4;8.789288153109723
Punta;4;4;5.969002296163566
Jamoncito;4;4;877.4028080933975
Medio Muslo;4;4;649.1313564653165
Entero;5;4;280.0
Medio Pollo;5;4;727.9474140985579
Medio Pollo Superior;5;4;1801.6685324916898
Medio Pollo Inferior;5;4;672.5986753973841
Cuarto de Pollo Superior;5;4;926.4789441631976
Muslo Entero;5;4;1890.3444182490175
Pechuga Completa;5;4;1628.2302387711934
Ala Completa;5;4;403.8099359846218
Media Pechuga;5;4;2002.902669242784
Blanqueta;5;4;42.652539952077085
Alón;5;4;7.354017273460812
Punta;5;4;0.0
Jamoncito;5;4;592.9484865244588
Medio Muslo;5;4;428.0
Entero;6;4;324.4023021428236
Medio Pollo;6;4;322.0
Medio Pollo Superior;6;4;1764.7916331065053
Medio Pollo Inferior;6;4;872.5327008267577
Cuarto de Pollo Superior;6;4;573.8840682527446
Muslo Entero;6;4;1125.8938848607263
Pechuga Completa;6;4;1525.7328596054413
Ala Completa;6;4;222.0
Media Pechuga;6;4;1361.863661597876
Blanqueta;6;4;69.10797813469779
Alón;6;4;1.6583480178316705
Punta;6;4;2.356690918062725
Jamoncito;6;4;842.493227337291
Medio Muslo;6;4;428.0
Entero;7;4;280.0
Medio Pollo;7;4;611.9932058534146
Medio Pollo Superior;7;4;414.0
Medio Pollo Inferior;7;4;612.5384477208943
Cuarto de Pollo Superior;7;4;340.0
Muslo Entero;7;4;1471.541469939907
Pechuga Completa;7;4;2840.389976169087
Ala Completa;7;4;260.4773089105445
Media Pechuga;7;4;1306.252200910703
Blanqueta;7;4;9.319904460403146
Alón;7;4;0.35097181822447604
Punta;7;4;0.907863095583234
Jamoncito;7;4;604.5437163424203
Medio Muslo;7;4;495.9460791120182
Entero;8;4;280.0
Medio Pollo;8;4;851.8766097095589
Medio Pollo Superior;8;4;509.1168616750133
Medio Pollo Inferior;8;4;442.0
Cuarto de Pollo Superior;8;4;746.3569561494462
Muslo Entero;8;4;898.4155149767826
Pechuga Completa;8;4;1972.7323638473288
Ala Completa;8;4;222.0
Media Pechuga;8;4;2048.701594881155
Blanqueta;8;4;3.5665743914383947
Alón;8;4;0.0
Punta;8;4;0.1421363310738104
Jamoncito;8;4;825.3395044339654
Medio Muslo;8;4;1275.73359099192
Entero;9;4;814.5004446257163
Medio Pollo;9;4;444.0300499954684
Medio Pollo Superior;9;4;414.0
Medio Pollo Inferior;9;4;442.0
Cuarto de Pollo Superior;9;4;601.4316733134265
Muslo Entero;9;4;1227.4012596359144
Pechuga Completa;9;4;777.9757194040085
Ala Completa;9;4;330.0167011668715
Media Pechuga;9;4;2488.5631432922546
Blanqueta;9;4;0.0
Alón;9;4;0.0
Punta;9;4;0.0016174545519522729
Jamoncito;9;4;1016.087994984872
Medio Muslo;9;4;428.0
Entero;10;4;280.0
Medio Pollo;10;4;322.0
Medio Pollo Superior;10;4;605.8710295032492
Medio Pollo Inferior;10;4;596.2165031013558
Cuarto de Pollo Superior;10;4;340.0
Muslo Entero;10;4;1336.2468686032287
Pechuga Completa;10;4;2188.506977482287
Ala Completa;10;4;222.0
Media Pechuga;10;4;2887.7793444674585
Blanqueta;10;4;2.2793373492484488
Alón;10;4;0.0
Punta;10;4;0.913356785359571
Jamoncito;10;4;1322.408995733776
Medio Muslo;10;4;1462.158306407603
Entero;11;4;851.6455059521393
Medio Pollo;11;4;322.0
Medio Pollo Superior;11;4;1050.6161707625329
Medio Pollo Inferior;11;4;603.1495899027855
Cuarto de Pollo Superior;11;4;504.1113272470925
Muslo Entero;11;4;1519.3339942526377
Pechuga Completa;11;4;2925.4315482972343
Ala Completa;11;4;467.0195522086043
Media Pechuga;11;4;1574.8065448298507
Blanqueta;11;4;0.2413506257186384
Alón;11;4;0.0
Punta;11;4;0.01661413461404515
Jamoncito;11;4;1783.0978734774524
Medio Muslo;11;4;2197.738557240073
Entero;12;4;1213.6499208772484
Medio Pollo;12;4;2026.6085085245234
Medio Pollo Superior;12;4;1185.606521973124
Medio Pollo Inferior;12;4;442.0
Cuarto de Pollo Superior;12;4;935.1517078313163
Muslo Entero;12;4;1762.9969958372278
Pechuga Completa;12;4;3038.1478070854737
Ala Completa;12;4;469.46404802416157
Media Pechuga;12;4;2134.6332629268827
Blanqueta;12;4;24.252632001867898
Alón;12;4;3.195689996105905
Punta;12;4;0.0
Jamoncito;12;4;1564.439941493192
Medio Muslo;12;4;2177.508368900051
Entero;13;4;1436.7829762961549
Medio Pollo;13;4;1350.5943087934834
Medio Pollo Superior;13;4;511.97488790934756
Medio Pollo Inferior;13;4;1228.5243007013396
Cuarto de Pollo Superior;13;4;1574.371901243243
Muslo Entero;13;4;2991.111232425252
Pechuga Completa;13;4;2816.906321209761
Ala Completa;13;4;349.28577713154414
Media Pechuga;13;4;3252.311305612313
Blanqueta;13;4;57.06530865352576
Alón;13;4;0.0
Punta;13;4;1.1165209971059085
Jamoncito;13;4;846.3863605211199
Medio Muslo;13;4;1558.05831964159
Entero;14;4;855.7669034079447
Medio Pollo;14;4;322.0
Medio Pollo Superior;14;4;414.0
Medio Pollo Inferior;14;4;1513.0253556656614
Cuarto de Pollo Superior;14;4;2055.794794591665
Muslo Entero;14;4;3783.850515236989
Pechuga Completa;14;4;2991.3383742719943
Ala Completa;14;4;441.0813773235336
Media Pechuga;14;4;3217.280515414109
Blanqueta;14;4;14.325497462645949
Alón;14;4;2.7460235754340694
Punta;14;4;0.6840924840737532
Jamoncito;14;4;1302.9110484025905
Medio Muslo;14;4;1922.4893590686743
Entero;15;4;1342.5658238226517
Medio Pollo;15;4;322.0
Medio Pollo Superior;15;4;414.0
Medio Pollo Inferior;15;4;524.3282390569282
Cuarto de Pollo Superior;15;4;1015.556412218044
Muslo Entero;15;4;2732.112028962285
Pechuga Completa;15;4;3390.6806103648714
Ala Completa;15;4;731.1879020292215
Media Pechuga;15;4;2930.722149076842
Blanqueta;15;4;10.311946906871647
Alón;15;4;0.11430793818135143
Punta;15;4;0.0
Jamoncito;15;4;1637.1829123986624
Medio Muslo;15;4;1624.3140302496008
Entero;16;4;773.722409754469
Medio Pollo;16;4;322.0
Medio Pollo Superior;16;4;2350.3197859310458
Medio Pollo Inferior;16;4;1949.8181569192984
Cuarto de Pollo Superior;16;4;802.344113255798
Muslo Entero;16;4;2456.3566109476196
Pechuga Completa;16;4;1284.8781098572642
Ala Completa;16;4;601.434478412358
Media Pechuga;16;4;4606.413608522493
Blanqueta;16;4;71.52276887844164
Alón;16;4;8.527642986066596
Punta;16;4;0.0
Jamoncito;16;4;1666.291633418978
Medio Muslo;16;4;472.23636605006277
Entero;17;4;1212.5306121180356
Medio Pollo;17;4;1153.0377470193075
Medio Pollo Superior;17;4;999.1772595435102
Medio Pollo Inferior;17;4;580.6797447590513
Cuarto de Pollo Superior;17;4;565.1189119645915
Muslo Entero;17;4;2033.711854074866
Pechuga Completa;17;4;3197.9659614618317
Ala Completa;17;4;304.46931491140435
Media Pechuga;17;4;3558.0522134867433
Blanqueta;17;4;73.04293878392618
Alón;17;4;25.45713879546125
Punta;17;4;2.3249554512701707
Jamoncito;17;4;2025.8885413186745
Medio Muslo;17;4;1099.7478402470867
Entero;18;4;612.6424351621972
Medio Pollo;18;4;322.0
Medio Pollo Superior;18;4;1318.3915074049178
Medio Pollo Inferior;18;4;1732.9433376801956
Cuarto de Pollo Superior;18;4;1076.900653405185
Muslo Entero;18;4;2936.8726746449365
Pechuga Completa;18;4;1853.470863367436
Ala Completa;18;4;645.703388180088
Media Pechuga;18;4;5824.380742196605
Blanqueta;18;4;37.563404667849134
Alón;18;4;4.436035209735582
Punta;18;4;0.22877442666651815
Jamoncito;18;4;1750.2332371046753
Medio Muslo;18;4;1248.2175255485122
Entero;19;4;827.2100585486487
Medio Pollo;19;4;694.2052873303555
Medio Pollo Superior;19;4;1040.940237446601
Medio Pollo Inferior;19;4;454.7803432212311
Cuarto de Pollo Superior;19;4;2104.3811430186915
Muslo Entero;19;4;4676.984479861259
Pechuga Completa;19;4;3035.404468068724
Ala Completa;19;4;222.0
Media Pechuga;19;4;4023.6373871453925
Blanqueta;19;4;50.81305210470943
Alón;19;4;15.242044524046644
Punta;19;4;0.0
Jamoncito;19;4;1947.6349256616527
Medio Muslo;19;4;1428.2192851636476
Entero;20;4;1200.3251362742635
Medio Pollo;20;4;966.4955559519071
Medio Pollo Superior;20;4;1066.1657428135654
Medio Pollo Inferior;20;4;2449.1992590951913
Cuarto de Pollo Superior;20;4;813.3340652789635
Muslo Entero;20;4;3880.0646733884714
Pechuga Completa;20;4;1772.4467833036333
Ala Completa;20;4;631.2805854578339
Media Pechuga;20;4;4556.484142746206
Blanqueta;20;4;15.247952651838702
Alón;20;4;4.018769257785092
Punta;20;4;0.0
Jamoncito;20;4;1540.6758406426056
Medio Muslo;20;4;1286.4309434597549
Entero;21;4;1400.6871439534052
Medio Pollo;21;4;800.8539166173716
Medio Pollo Superior;21;4;414.0
Medio Pollo Inferior;21;4;1789.666597042829
Cuarto de Pollo Superior;21;4;1808.1236681401856
Muslo Entero;21;4;4897.585473469867
Pechuga Completa;21;4;1241.429690711304
Ala Completa;21;4;263.9093118193149
Media Pechuga;21;4;5052.002505461203
Blanqueta;21;4;41.61522516069787
Alón;21;4;16.995116577171157
Punta;21;4;0.0
Jamoncito;21;4;1281.7228172454666
Medio Muslo;21;4;428.0
Entero;1;5;177.0
Medio Pollo;1;5;249.0
Medio Pollo Superior;1;5;297.0
Medio Pollo Inferior;1;5;278.0
Cuarto de Pollo Superior;1;5;238.0
Muslo Entero;1;5;382.0
Pechuga Completa;1;5;274.0
Ala Completa;1;5;173.0
Media Pechuga;1;5;508.0
Blanqueta;1;5;0.0
Alón;1;5;0.0
Punta;1;5;0.0
Jamoncito;1;5;341.0
Medio Muslo;1;5;294.0
Entero;2;5;637.8980335257189
Medio Pollo;2;5;708.9685279839753
Medio Pollo Superior;2;5;414.0
Medio Pollo Inferior;2;5;643.3079802982762
Cuarto de Pollo Superior;2;5;744.9859928693702
Muslo Entero;2;5;845.1810315068258
Pechuga Completa;2;5;440.8482029878551
Ala Completa;2;5;222.0
Media Pechuga;2;5;880.0921822783639
Blanqueta;2;5;2.408287354766941
Alón;2;5;0.49366800512053066
Punta;2;5;0.31662287021920166
Jamoncito;2;5;422.0
Medio Muslo;2;5;793.6159819384875
Entero;3;5;649.2943990342172
Medio Pollo;3;5;322.0
Medio Pollo Superior;3;5;896.3919507628818
Medio Pollo Inferior;3;5;1063.7675190211646
Cuarto de Pollo Superior;3;5;1088.0686492283055
Muslo Entero;3;5;496.0
Pechuga Completa;3;5;1441.0388661516126
Ala Completa;3;5;222.0
Media Pechuga;3;5;730.0
Blanqueta;3;5;0.0
Alón;3;5;0.0
Punta;3;5;0.0
Jamoncito;3;5;571.0785449537482
Medio Muslo;3;5;1644.218396328459
Entero;4;5;483.4379370832237
Medio Pollo;4;5;908.1843635543652
Medio Pollo Superior;4;5;636.2044809908346
Medio Pollo Inferior;4;5;1276.1480796569908
Cuarto de Pollo Superior;4;5;663.5334356603325
Muslo Entero;4;5;809.6359566675883
Pechuga Completa;4;5;1687.7005519526815
Ala Completa;4;5;222.0
Media Pechuga;4;5;1737.929777030214
Blanqueta;4;5;1.9299530959219382
Alón;4;5;0.0
Punta;4;5;1.0249671250951162
Jamoncito;4;5;422.0
Medio Muslo;4;5;1579.2139236843882
Entero;5;5;280.0
Medio Pollo;5;5;322.0
Medio Pollo Superior;5;5;798.6301147991169
Medio Pollo Inferior;5;5;1661.0398293053822
Cuarto de Pollo Superior;5;5;340.0
Muslo Entero;5;5;770.2829217683468
Pechuga Completa;5;5;1987.400575081519
Ala Completa;5;5;222.0
Media Pechuga;5;5;1019.8794078170863
Blanqueta;5;5;0.0
Alón;5;5;0.0
Punta;5;5;0.03025562152010386
Jamoncito;5;5;422.0
Medio Muslo;5;5;926.3198677539535
Entero;6;5;340.18972919301245
Medio Pollo;6;5;322.0
Medio Pollo Superior;6;5;414.0
Medio Pollo Inferior;6;5;1588.8681790684154
Cuarto de Pollo Superior;6;5;930.7563065482773
Muslo Entero;6;5;699.449814249557
Pechuga Completa;6;5;1350.6965629028423
Ala Completa;6;5;246.5734625987502
Media Pechuga;6;5;730.0
Blanqueta;6;5;0.0
Alón;6;5;0.0
Punta;6;5;0.009969092845120084
Jamoncito;6;5;439.6213100370089
Medio Muslo;6;5;1870.5650911207235
Entero;7;5;307.21124590942054
Medio Pollo;7;5;491.2415547987648
Medio Pollo Superior;7;5;414.0
Medio Pollo Inferior;7;5;575.4944172763011
Cuarto de Pollo Superior;7;5;340.0
Muslo Entero;7;5;1155.0856548859824
Pechuga Completa;7;5;402.0
Ala Completa;7;5;536.4105467901724
Media Pechuga;7;5;1937.0020482620416
Blanqueta;7;5;2.147257723489659
Alón;7;5;0.0
Punta;7;5;0.3420209124234228
Jamoncito;7;5;570.1399606682887
Medio Muslo;7;5;1834.1974490821117
Entero;8;5;280.0
Medio Pollo;8;5;475.8241195101764
Medio Pollo Superior;8;5;803.0675573375165
Medio Pollo Inferior;8;5;442.0
Cuarto de Pollo Superior;8;5;340.0
Muslo Entero;8;5;1159.8530352289724
Pechuga Completa;8;5;402.0
Ala Completa;8;5;339.092660801037
Media Pechuga;8;5;1894.2859380471132
Blanqueta;8;5;20.44321772719089
Alón;8;5;3.435344442575712
Punta;8;5;1.8622354273997876
Jamoncito;8;5;579.4852059958655
Medio Muslo;8;5;1753.5344545068247
Entero;9;5;678.6800487333513
Medio Pollo;9;5;322.0
Medio Pollo Superior;9;5;862.7083647212585
Medio Pollo Inferior;9;5;442.0
Cuarto de Pollo Superior;9;5;340.0
Muslo Entero;9;5;1013.1532123286463
Pechuga Completa;9;5;768.1349234943993
Ala Completa;9;5;222.0
Media Pechuga;9;5;1789.7417777083385
Blanqueta;9;5;16.48161078235143
Alón;9;5;0.0
Punta;9;5;0.8063409514095561
Jamoncito;9;5;705.0554988860438
Medio Muslo;9;5;1025.1056374240648
Entero;10;5;617.64893185944
Medio Pollo;10;5;644.8434433656141
Medio Pollo Superior;10;5;927.4287751658474
Medio Pollo Inferior;10;5;1168.3829771181079
Cuarto de Pollo Superior;10;5;365.2126339836093
Muslo Entero;10;5;1030.7665608684522
Pechuga Completa;10;5;1096.2716737597634
Ala Completa;10;5;387.6161056604042
Media Pechuga;10;5;2194.160382219896
Blanqueta;10;5;1.3792372378016573
Alón;10;5;0.0
Punta;10;5;0.0
Jamoncito;10;5;422.0
Medio Muslo;10;5;1533.0126641796364
Entero;11;5;830.1006720439744
Medio Pollo;11;5;748.0876159435228
Medio Pollo Superior;11;5;414.0
Medio Pollo Inferior;11;5;943.7358400773176
Cuarto de Pollo Superior;11;5;340.0
Muslo Entero;11;5;1422.4751907393654
Pechuga Completa;11;5;2356.235531238585
Ala Completa;11;5;386.351834285858
Media Pechuga;11;5;2014.1657566345102
Blanqueta;11;5;3.067950208317889
Alón;11;5;6.527353345869509
Punta;11;5;2.048549723066138
Jamoncito;11;5;422.0
Medio Muslo;11;5;2067.3947150679237
Entero;12;5;1410.254930212102
Medio Pollo;12;5;382.4968527763791
Medio Pollo Superior;12;5;414.0
Medio Pollo Inferior;12;5;836.3809360616876
Cuarto de Pollo Superior;12;5;1432.2610835417488
Muslo Entero;12;5;1720.5907779933639
Pechuga Completa;12;5;2533.1595474403935
Ala Completa;12;5;222.0
Media Pechuga;12;5;2440.8490255025754
Blanqueta;12;5;0.0
Alón;12;5;4.649704148905041
Punta;12;5;1.3974020394297046
Jamoncito;12;5;422.0
Medio Muslo;12;5;2053.9908777660544
Entero;13;5;818.0454625189782
Medio Pollo;13;5;339.13503072307594
Medio Pollo Superior;13;5;1436.9041952291648
Medio Pollo Inferior;13;5;1692.2154890479742
Cuarto de Pollo Superior;13;5;961.4912558298464
Muslo Entero;13;5;588.6680886810927
Pechuga Completa;13;5;2450.53716509315
Ala Completa;13;5;275.91546663754457
Media Pechuga;13;5;2072.1598020223773
Blanqueta;13;5;0.0
Alón;13;5;0.0
Punta;13;5;0.0
Jamoncito;13;5;878.3497810791779
Medio Muslo;13;5;1253.778936320657
Entero;14;5;1128.6805418144206
Medio Pollo;14;5;467.68645450189433
Medio Pollo Superior;14;5;414.0
Medio Pollo Inferior;14;5;2243.0160945889957
Cuarto de Pollo Superior;14;5;439.240688151639
Muslo Entero;14;5;852.5558378887658
Pechuga Completa;14;5;2466.8821513546836
Ala Completa;14;5;339.22215471270647
Media Pechuga;14;5;1067.5508453678758
Blanqueta;14;5;8.330797130401773
Alón;14;5;0.0
Punta;14;5;0.0
Jamoncito;14;5;422.0
Medio Muslo;14;5;779.2303878483199
Entero;15;5;532.3102544382856
Medio Pollo;15;5;423.2467369501719
Medio Pollo Superior;15;5;1734.705352918576
Medio Pollo Inferior;15;5;1598.268896815102
Cuarto de Pollo Superior;15;5;1071.624514298738
Muslo Entero;15;5;1851.8665410168417
Pechuga Completa;15;5;2137.709913027834
Ala Completa;15;5;222.0
Media Pechuga;15;5;1744.0006206716143
Blanqueta;15;5;0.0
Alón;15;5;0.0
Punta;15;5;0.4068614262034218
Jamoncito;15;5;1097.7699755886956
Medio Muslo;15;5;1297.4328082424604
Entero;16;5;280.0
Medio Pollo;16;5;322.0
Medio Pollo Superior;16;5;837.2228023797253
Medio Pollo Inferior;16;5;1921.8166595213172
Cuarto de Pollo Superior;16;5;1761.79009916131
Muslo Entero;16;5;2690.1846139189147
Pechuga Completa;16;5;2907.432196049226
Ala Completa;16;5;222.0
Media Pechuga;16;5;2777.8774284522005
Blanqueta;16;5;0.0
Alón;16;5;4.155481655475143
Punta;16;5;0.0
Jamoncito;16;5;958.4285564744296
Medio Muslo;16;5;1255.9637142759948
Entero;17;5;832.6814761083845
Medio Pollo;17;5;1000.6335438918882
Medio Pollo Superior;17;5;515.7133500387145
Medio Pollo Inferior;17;5;2495.1519059777474
Cuarto de Pollo Superior;17;5;713.2075974298177
Muslo Entero;17;5;1726.7194206219442
Pechuga Completa;17;5;3157.2772347603604
Ala Completa;17;5;222.0
Media Pechuga;17;5;2995.7432530959877
Blanqueta;17;5;0.016867515709378722
Alón;17;5;0.0
Punta;17;5;0.010975278135325707
Jamoncito;17;5;996.901766645085
Medio Muslo;17;5;772.5241243238038
Entero;18;5;603.2303512963119
Medio Pollo;18;5;1081.3736356281386
Medio Pollo Superior;18;5;963.4702868573754
Medio Pollo Inferior;18;5;2775.6536473939154
Cuarto de Pollo Superior;18;5;340.0
Muslo Entero;18;5;1139.9873123319383
Pechuga Completa;18;5;1144.6776505416792
Ala Completa;18;5;222.0
Media Pechuga;18;5;4935.018263731161
Blanqueta;18;5;0.0035667827922522995
Alón;18;5;0.0
Punta;18;5;0.0
Jamoncito;18;5;1234.3601003913163
Medio Muslo;18;5;447.47557934319275
Entero;19;5;758.4266003319606
Medio Pollo;19;5;322.0
Medio Pollo Superior;19;5;1015.5675937841534
Medio Pollo Inferior;19;5;1512.7637648059776
Cuarto de Pollo Superior;19;5;1632.9131177226052
Muslo Entero;19;5;1637.4260616319164
Pechuga Completa;19;5;3165.316289995019
Ala Completa;19;5;595.4677006655554
Media Pechuga;19;5;3476.153511096641
Blanqueta;19;5;0.0
Alón;19;5;0.0
Punta;19;5;0.0
Jamoncito;19;5;1156.7544498620364
Medio Muslo;19;5;1359.5745033550052
Entero;20;5;280.0
Medio Pollo;20;5;322.0
Medio Pollo Superior;20;5;1836.6218591320337
Medio Pollo Inferior;20;5;2098.071102266662
Cuarto de Pollo Superior;20;5;340.0
Muslo Entero;20;5;2621.1563311124523
Pechuga Completa;20;5;2179.053675084656
Ala Completa;20;5;409.4355601084013
Media Pechuga;20;5;3189.872530432734
Blanqueta;20;5;45.534171239087804
Alón;20;5;8.175841161057384
Punta;20;5;4.881675191603144
Jamoncito;20;5;1285.6140940198302
Medio Muslo;20;5;428.0
Entero;21;5;766.6314825059392
Medio Pollo;21;5;322.0
Medio Pollo Superior;21;5;796.3515000365595
Medio Pollo Inferior;21;5;1663.089034805146
Cuarto de Pollo Superior;21;5;340.0
Muslo Entero;21;5;2895.307944363663
Pechuga Completa;21;5;2102.608038633927
Ala Completa;21;5;754.9293360770171
Media Pechuga;21;5;4885.488794533132
Blanqueta;21;5;1.9786965691197391
Alón;21;5;1.122979762765647
Punta;21;5;0.0
Jamoncito;21;5;1886.1403225498266
Medio Muslo;21;5;428.0
Entero;1;6;177.0
Medio Pollo;1;6;249.0
Medio Pollo Superior;1;6;297.0
Medio Pollo Inferior;1;6;278.0
Cuarto de Pollo Superior;1;6;238.0
Muslo Entero;1;6;382.0
Pechuga Completa;1;6;274.0
Ala Completa;1;6;173.0
Media Pechuga;1;6;508.0
Blanqueta;1;6;0.0
Alón;1;6;0.0
Punta;1;6;0.0
Jamoncito;1;6;341.0
Medio Muslo;1;6;294.0
Entero;2;6;438.32365175808854
Medio Pollo;2;6;405.37066901954506
Medio Pollo Superior;2;6;414.0
Medio Pollo Inferior;2;6;442.0
Cuarto de Pollo Superior;2;6;340.0
Muslo Entero;2;6;1017.2141157816926
Pechuga Completa;2;6;402.0
Ala Completa;2;6;223.1769427829464
Media Pechuga;2;6;730.0
Blanqueta;2;6;2.354169244210307
Alón;2;6;0.0
Punta;2;6;0.3272309277554317
Jamoncito;2;6;926.6292548893598
Medio Muslo;2;6;428.0
Entero;3;6;684.2979595122697
Medio Pollo;3;6;322.0
Medio Pollo Superior;3;6;1090.8143436458108
Medio Pollo Inferior;3;6;442.0
Cuarto de Pollo Superior;3;6;340.0
Muslo Entero;3;6;912.9599641727847
Pechuga Completa;3;6;1072.62650171491
Ala Completa;3;6;222.0
Media Pechuga;3;6;1972.011641991238
Blanqueta;3;6;0.339802886520832
Alón;3;6;0.0
Punta;3;6;0.056434441772365396
Jamoncito;3;6;543.2838744830685
Medio Muslo;3;6;862.3020973798809
Entero;4;6;798.4472463710008
Medio Pollo;4;6;947.3312402339459
Medio Pollo Superior;4;6;984.419101276939
Medio Pollo Inferior;4;6;442.0
Cuarto de Pollo Superior;4;6;761.4959350725344
Muslo Entero;4;6;1395.2514432842972
Pechuga Completa;4;6;2208.8045551009413
Ala Completa;4;6;640.6826902132913
Media Pechuga;4;6;1439.308273951551
Blanqueta;4;6;0.0
Alón;4;6;0.04053644502751608
Punta;4;6;0.04340067402996087
Jamoncito;4;6;422.0
Medio Muslo;4;6;428.0
Entero;5;6;462.6035088920439
Medio Pollo;5;6;996.5098496188043
Medio Pollo Superior;5;6;2526.2603987912426
Medio Pollo Inferior;5;6;849.6506786047653
Cuarto de Pollo Superior;5;6;718.837814375652
Muslo Entero;5;6;790.6761133500057
Pechuga Completa;5;6;1043.0974878725772
Ala Completa;5;6;222.0
Media Pechuga;5;6;1248.2474053507685
Blanqueta;5;6;42.559430132397424
Alón;5;6;23.619408892144897
Punta;5;6;0.0
Jamoncito;5;6;422.0
Medio Muslo;5;6;428.0
Entero;6;6;544.3160573171746
Medio Pollo;6;6;608.115998396587
Medio Pollo Superior;6;6;1629.844874607645
Medio Pollo Inferior;6;6;677.7350941441872
Cuarto de Pollo Superior;6;6;1020.9492136429792
Muslo Entero;6;6;962.3206879854056
Pechuga Completa;6;6;1114.6276259113877
Ala Completa;6;6;272.7628101079803
Media Pechuga;6;6;2681.680668633392
Blanqueta;6;6;34.86944803921496
Alón;6;6;5.17427638299737
Punta;6;6;0.0
Jamoncito;6;6;969.791670267523
Medio Muslo;6;6;763.165293540063
Entero;7;6;750.1707798138328
Medio Pollo;7;6;917.7187702558683
Medio Pollo Superior;7;6;702.5580602297908
Medio Pollo Inferior;7;6;769.5383529526557
Cuarto de Pollo Superior;7;6;1018.82534256592
Muslo Entero;7;6;786.731736386298
Pechuga Completa;7;6;1372.8974390422065
Ala Completa;7;6;371.3370432861823
Media Pechuga;7;6;3571.7413420766384
Blanqueta;7;6;20.08819281838293
Alón;7;6;2.050170861019069
Punta;7;6;1.6689081914098272
Jamoncito;7;6;772.6645044541737
Medio Muslo;7;6;1740.0693119098746
Entero;8;6;427.31451920326197
Medio Pollo;8;6;802.0246520313334
Medio Pollo Superior;8;6;896.5005894560492
Medio Pollo Inferior;8;6;1547.0712613951187
Cuarto de Pollo Superior;8;6;877.4010607916173
Muslo Entero;8;6;673.2804143589369
Pechuga Completa;8;6;402.0
Ala Completa;8;6;257.20367609922823
Media Pechuga;8;6;4029.487723407499
Blanqueta;8;6;23.63306432020001
Alón;8;6;0.0
Punta;8;6;0.015413361607378384
Jamoncito;8;6;882.6727351258986
Medio Muslo;8;6;720.5562385482394
Entero;9;6;760.8495602002087
Medio Pollo;9;6;724.2210124727773
Medio Pollo Superior;9;6;414.0
Medio Pollo Inferior;9;6;1105.1789796817102
Cuarto de Pollo Superior;9;6;1358.919578851754
Muslo Entero;9;6;1003.15880929679
Pechuga Completa;9;6;1352.445862955088
Ala Completa;9;6;222.0
Media Pechuga;9;6;3760.6542691987643
Blanqueta;9;6;1.3837205267642787
Alón;9;6;0.0
Punta;9;6;0.0
Jamoncito;9;6;802.1722828062051
Medio Muslo;9;6;428.0
Entero;10;6;598.5049208546218
Medio Pollo;10;6;962.3295823464838
Medio Pollo Superior;10;6;1530.8890186550361
Medio Pollo Inferior;10;6;1585.2121261392672
Cuarto de Pollo Superior;10;6;970.2768505560447
Muslo Entero;10;6;818.9284121122741
Pechuga Completa;10;6;1867.7330941034752
Ala Completa;10;6;222.0
Media Pechuga;10;6;3701.26039538357
Blanqueta;10;6;0.2065845463950624
Alón;10;6;0.0
Punta;10;6;0.09013610836161132
Jamoncito;10;6;772.2754576993865
Medio Muslo;10;6;428.0
Entero;11;6;386.57416645984677
Medio Pollo;11;6;1749.0996070833694
Medio Pollo Superior;11;6;499.311641131752
Medio Pollo Inferior;11;6;965.3065537184143
Cuarto de Pollo Superior;11;6;340.0
Muslo Entero;11;6;1268.4927106813452
Pechuga Completa;11;6;1179.8748026189387
Ala Completa;11;6;602.6138769807378
Media Pechuga;11;6;5259.3800436829915
Blanqueta;11;6;0.0
Alón;11;6;2.1585297027821495
Punta;11;6;0.0
Jamoncito;11;6;874.1206371524593
Medio Muslo;11;6;1376.7869476447815
Entero;12;6;532.1993711411485
Medio Pollo;12;6;1104.0536321813343
Medio Pollo Superior;12;6;1177.548373974381
Medio Pollo Inferior;12;6;1951.657199641607
Cuarto de Pollo Superior;12;6;457.4676754005443
Muslo Entero;12;6;1452.3204546764512
Pechuga Completa;12;6;402.0
Ala Completa;12;6;918.5771024757827
Media Pechuga;12;6;6809.622095128379
Blanqueta;12;6;28.398377878833912
Alón;12;6;0.0
Punta;12;6;0.0
Jamoncito;12;6;477.41409146779574
Medio Muslo;12;6;690.7757790974172
Entero;13;6;532.0873099853156
Medio Pollo;13;6;322.0
Medio Pollo Superior;13;6;414.0
Medio Pollo Inferior;13;6;1289.7105040013253
Cuarto de Pollo Superior;13;6;1751.8121504297742
Muslo Entero;13;6;2145.676408653756
Pechuga Completa;13;6;402.0
Ala Completa;13;6;747.388635876114
Media Pechuga;13;6;6768.674045285208
Blanqueta;13;6;122.66045944134311
Alón;13;6;26.42838651549384
Punta;13;6;6.1978863113424385
Jamoncito;13;6;640.0970624795809
Medio Muslo;13;6;1008.0796984968586
Entero;14;6;1946.7972641968263
Medio Pollo;14;6;350.55619977732954
Medio Pollo Superior;14;6;414.0
Medio Pollo Inferior;14;6;1273.351444518953
Cuarto de Pollo Superior;14;6;532.7781823227805
Muslo Entero;14;6;2240.5456582156157
Pechuga Completa;14;6;402.0
Ala Completa;14;6;734.2792996691005
Media Pechuga;14;6;5974.310277496749
Blanqueta;14;6;130.09910781621872
Alón;14;6;1.3626819217345698
Punta;14;6;0.0
Jamoncito;14;6;880.597259003893
Medio Muslo;14;6;971.9133983735258
Entero;15;6;1628.3418879830065
Medio Pollo;15;6;861.755815961
Medio Pollo Superior;15;6;1127.7272503159113
Medio Pollo Inferior;15;6;788.3321429768743
Cuarto de Pollo Superior;15;6;340.0
Muslo Entero;15;6;2418.0985447650805
Pechuga Completa;15;6;402.0
Ala Completa;15;6;372.1882153810467
Media Pechuga;15;6;4148.032969492313
Blanqueta;15;6;75.19090216565726
Alón;15;6;0.0
Punta;15;6;0.0
Jamoncito;15;6;717.6633470728268
Medio Muslo;15;6;1747.8184871036924
Entero;16;6;423.93710655142786
Medio Pollo;16;6;844.2054587704387
Medio Pollo Superior;16;6;414.0
Medio Pollo Inferior;16;6;1986.605752080639
Cuarto de Pollo Superior;16;6;712.4922164179134
Muslo Entero;16;6;2026.501852489446
Pechuga Completa;16;6;1180.9702742575391
Ala Completa;16;6;404.9073137675531
Media Pechuga;16;6;5453.847746360498
Blanqueta;16;6;57.107939266299084
Alón;16;6;2.700723344776292
Punta;16;6;0.0
Jamoncito;16;6;559.422596576838
Medio Muslo;16;6;1852.2273612424365
Entero;17;6;280.0
Medio Pollo;17;6;322.0
Medio Pollo Superior;17;6;902.4321862658014
Medio Pollo Inferior;17;6;2557.6299669962673
Cuarto de Pollo Superior;17;6;1029.025722483263
Muslo Entero;17;6;1641.6795600715632
Pechuga Completa;17;6;402.0
Ala Completa;17;6;222.0
Media Pechuga;17;6;6166.277924903461
Blanqueta;17;6;7.0433914631529575
Alón;17;6;0.0
Punta;17;6;0.0
Jamoncito;17;6;533.7098374930986
Medio Muslo;17;6;1744.0348640935608
Entero;18;6;280.0
Medio Pollo;18;6;970.1946143088242
Medio Pollo Superior;18;6;979.5931542481039
Medio Pollo Inferior;18;6;1488.2137648769583
Cuarto de Pollo Superior;18;6;905.5692022459989
Muslo Entero;18;6;1158.4294554229014
Pechuga Completa;18;6;1640.2292307484108
Ala Completa;18;6;232.12083333202622
Media Pechuga;18;6;4467.856362001898
Blanqueta;18;6;0.0
Alón;18;6;0.0
Punta;18;6;0.0
Jamoncito;18;6;1111.4707629384004
Medio Muslo;18;6;1857.68832949133
Entero;19;6;456.65562644355236
Medio Pollo;19;6;503.1975919250224
Medio Pollo Superior;19;6;828.8558529800518
Medio Pollo Inferior;19;6;1668.3643717466991
Cuarto de Pollo Superior;19;6;1851.5228075408231
Muslo Entero;19;6;1957.5051751430715
Pechuga Completa;19;6;1533.5090002227525
Ala Completa;19;6;578.3577708510627
Media Pechuga;19;6;5213.442320077228
Blanqueta;19;6;0.0
Alón;19;6;0.0
Punta;19;6;0.0
Jamoncito;19;6;711.1112984768479
Medio Muslo;19;6;1118.3372837017814
Entero;20;6;280.0
Medio Pollo;20;6;1037.382506342302
Medio Pollo Superior;20;6;1942.7008652653901
Medio Pollo Inferior;20;6;1567.273223084512
Cuarto de Pollo Superior;20;6;850.4638410341715
Muslo Entero;20;6;1402.0297968356124
Pechuga Completa;20;6;640.0910369845631
Ala Completa;20;6;222.0
Media Pechuga;20;6;4466.386354195627
Blanqueta;20;6;46.65673825796267
Alón;20;6;0.0
Punta;20;6;0.0
Jamoncito;20;6;911.7106934167416
Medio Muslo;20;6;673.077247456898
Entero;21;6;460.05324297618404
Medio Pollo;21;6;322.0
Medio Pollo Superior;21;6;1487.7922538302823
Medio Pollo Inferior;21;6;2734.3061184009484
Cuarto de Pollo Superior;21;6;340.0
Muslo Entero;21;6;1567.4535352557245
Pechuga Completa;21;6;999.8217194972874
Ala Completa;21;6;423.59441704610094
Media Pechuga;21;6;5611.592851357376
Blanqueta;21;6;12.739467224362143
Alón;21;6;0.5530999643686316
Punta;21;6;0.1783301207721164
Jamoncito;21;6;686.7519212272568
Medio Muslo;21;6;624.9193677044136
Entero;1;7;177.0
Medio Pollo;1;7;249.0
Medio Pollo Superior;1;7;297.0
Medio Pollo Inferior;1;7;278.0
Cuarto de Pollo Superior;1;7;238.0
Muslo Entero;1;7;382.0
Pechuga Completa;1;7;274.0
Ala Completa;1;7;173.0
Media Pechuga;1;7;508.0
Blanqueta;1;7;0.0
Alón;1;7;0.0
Punta;1;7;0.0
Jamoncito;1;7;341.0
Medio Muslo;1;7;294.0
Entero;2;7;280.0
Medio Pollo;2;7;456.60116491672545
Medio Pollo Superior;2;7;940.9888958261124
Medio Pollo Inferior;2;7;824.29083650182
Cuarto de Pollo Superior;2;7;340.0
Muslo Entero;2;7;860.2228386214317
Pechuga Completa;2;7;809.435969085758
Ala Completa;2;7;294.7660762029054
Media Pechuga;2;7;731.1501333763167
Blanqueta;2;7;0.0
Alón;2;7;1.4960665437234493
Punta;2;7;0.0
Jamoncito;2;7;534.597541410461
Medio Muslo;2;7;428.0
Entero;3;7;523.2300768275647
Medio Pollo;3;7;1094.5564253240004
Medio Pollo Superior;3;7;807.5328474691883
Medio Pollo Inferior;3;7;442.0
Cuarto de Pollo Superior;3;7;340.0
Muslo Entero;3;7;1593.3692154816922
Pechuga Completa;3;7;406.3939491596891
Ala Completa;3;7;335.51465838738284
Media Pechuga;3;7;1803.2621140961587
Blanqueta;3;7;13.234971188762678
Alón;3;7;5.202888087810818
Punta;3;7;0.0
Jamoncito;3;7;1086.815829350775
Medio Muslo;3;7;903.3433882022866
Entero;4;7;459.1617563415291
Medio Pollo;4;7;787.9338229206061
Medio Pollo Superior;4;7;1151.6031154652128
Medio Pollo Inferior;4;7;442.0
Cuarto de Pollo Superior;4;7;828.2514268227587
Muslo Entero;4;7;1602.4564274066938
Pechuga Completa;4;7;1379.6744690958092
Ala Completa;4;7;588.6263586539833
Media Pechuga;4;7;1496.3371351399214
Blanqueta;4;7;23.569503000749254
Alón;4;7;0.0
Punta;4;7;0.8262449775880514
Jamoncito;4;7;620.4568275795162
Medio Muslo;4;7;971.0590876038955
Entero;5;7;648.3025535296761
Medio Pollo;5;7;1330.9063005091662
Medio Pollo Superior;5;7;1033.1155296642023
Medio Pollo Inferior;5;7;442.0
Cuarto de Pollo Superior;5;7;812.3332393930871
Muslo Entero;5;7;1816.7665010361884
Pechuga Completa;5;7;918.2058670050226
Ala Completa;5;7;843.9723959056411
Media Pechuga;5;7;2018.1369528183454
Blanqueta;5;7;65.60442569820994
Alón;5;7;24.508512270143143
Punta;5;7;0.0
Jamoncito;5;7;422.0
Medio Muslo;5;7;1192.369852302463
Entero;6;7;1062.4275086258417
Medio Pollo;6;7;531.084970862806
Medio Pollo Superior;6;7;512.2685489014032
Medio Pollo Inferior;6;7;813.0040719951389
Cuarto de Pollo Superior;6;7;1162.0957550780963
Muslo Entero;6;7;965.3552619881686
Pechuga Completa;6;7;1189.6551778683659
Ala Completa;6;7;864.7757993090662
Media Pechuga;6;7;4106.827386438573
Blanqueta;6;7;180.50816078856388
Alón;6;7;24.845369427979477
Punta;6;7;2.9997676572911303
Jamoncito;6;7;499.939561693099
Medio Muslo;6;7;902.6028738364091
Entero;7;7;280.0
Medio Pollo;7;7;933.7705548299689
Medio Pollo Superior;7;7;1555.240092427733
Medio Pollo Inferior;7;7;442.0
Cuarto de Pollo Superior;7;7;707.6351575613146
Muslo Entero;7;7;1825.0757535343203
Pechuga Completa;7;7;1146.9039613815596
Ala Completa;7;7;685.3199730851604
Media Pechuga;7;7;4343.529456907447
Blanqueta;7;7;206.88332599004576
Alón;7;7;29.36292401460088
Punta;7;7;0.0
Jamoncito;7;7;471.14873731380817
Medio Muslo;7;7;1775.3633279558396
Entero;8;7;280.0
Medio Pollo;8;7;322.0
Medio Pollo Superior;8;7;1513.4109303114456
Medio Pollo Inferior;8;7;442.0
Cuarto de Pollo Superior;8;7;560.1984500196647
Muslo Entero;8;7;2032.5425401006823
Pechuga Completa;8;7;1017.2397508434431
Ala Completa;8;7;846.4376969997604
Media Pechuga;8;7;3816.9990345658475
Blanqueta;8;7;150.5557671112718
Alón;8;7;18.55456363234141
Punta;8;7;0.42703557234706846
Jamoncito;8;7;610.7426267220351
Medio Muslo;8;7;2735.04580439616
Entero;9;7;280.0
Medio Pollo;9;7;674.0860304127978
Medio Pollo Superior;9;7;803.590878857817
Medio Pollo Inferior;9;7;1190.9646549332144
Cuarto de Pollo Superior;9;7;1149.8761017724767
Muslo Entero;9;7;1594.5882908714618
Pechuga Completa;9;7;402.0
Ala Completa;9;7;898.6840999330542
Media Pechuga;9;7;4784.726442370665
Blanqueta;9;7;139.66921137440528
Alón;9;7;16.87866822272641
Punta;9;7;3.314286675429944
Jamoncito;9;7;557.9210161091121
Medio Muslo;9;7;1754.2112591483728
Entero;10;7;801.2764514220411
Medio Pollo;10;7;1334.0961175175592
Medio Pollo Superior;10;7;1013.9535744635907
Medio Pollo Inferior;10;7;532.8670714197773
Cuarto de Pollo Superior;10;7;340.0
Muslo Entero;10;7;1663.9162343208952
Pechuga Completa;10;7;1502.4221680861615
Ala Completa;10;7;925.1947584444607
Media Pechuga;10;7;4636.99365394708
Blanqueta;10;7;171.5110028806967
Alón;10;7;27.29687180072714
Punta;10;7;1.6253150768674516
Jamoncito;10;7;941.8098256539614
Medio Muslo;10;7;1838.3770724595597
Entero;11;7;1490.0814570641564
Medio Pollo;11;7;816.7678149374377
Medio Pollo Superior;11;7;414.0
Medio Pollo Inferior;11;7;594.2436523063197
Cuarto de Pollo Superior;11;7;1391.9186372245574
Muslo Entero;11;7;2955.052519052963
Pechuga Completa;11;7;402.0
Ala Completa;11;7;975.4480554120305
Media Pechuga;11;7;4821.8081417983385
Blanqueta;11;7;156.04504089249434
Alón;11;7;14.876236575742091
Punta;11;7;1.4582625415544648
Jamoncito;11;7;1052.033211992435
Medio Muslo;11;7;944.5536601180124
Entero;12;7;280.0
Medio Pollo;12;7;905.8167204707993
Medio Pollo Superior;12;7;430.62871789541646
Medio Pollo Inferior;12;7;1176.5726307686978
Cuarto de Pollo Superior;12;7;513.0585873921935
Muslo Entero;12;7;2571.8665402402944
Pechuga Completa;12;7;402.0
Ala Completa;12;7;1038.6486078704397
Media Pechuga;12;7;4741.852453319756
Blanqueta;12;7;163.92021326865395
Alón;12;7;59.633155136881015
Punta;12;7;0.0
Jamoncito;12;7;1171.638111384931
Medio Muslo;12;7;1306.026546636433
Entero;13;7;280.0
Medio Pollo;13;7;322.0
Medio Pollo Superior;13;7;456.5446669021014
Medio Pollo Inferior;13;7;603.3593934315239
Cuarto de Pollo Superior;13;7;428.02022289180945
Muslo Entero;13;7;2244.2868679458707
Pechuga Completa;13;7;633.7021542101238
Ala Completa;13;7;596.5689390521893
Media Pechuga;13;7;4808.225732000605
Blanqueta;13;7;174.44051551316278
Alón;13;7;77.42408231938222
Punta;13;7;7.119742237927143
Jamoncito;13;7;1570.47358052043
Medio Muslo;13;7;2195.605107015385
Entero;14;7;280.0
Medio Pollo;14;7;1359.607743287788
Medio Pollo Superior;14;7;1088.190442797697
Medio Pollo Inferior;14;7;968.8941769870822
Cuarto de Pollo Superior;14;7;340.0
Muslo Entero;14;7;2496.2789208905488
Pechuga Completa;14;7;402.0
Ala Completa;14;7;723.7280367125306
Media Pechuga;14;7;3586.3346929659683
Blanqueta;14;7;68.80874255334435
Alón;14;7;12.588388835759197
Punta;14;7;2.4876816684773546
Jamoncito;14;7;949.4693876258987
Medio Muslo;14;7;1105.7383860641435
Entero;15;7;453.53952263475344
Medio Pollo;15;7;1664.8069262210083
Medio Pollo Superior;15;7;1137.4737925715726
Medio Pollo Inferior;15;7;442.0
Cuarto de Pollo Superior;15;7;340.0
Muslo Entero;15;7;2594.6097582590687
Pechuga Completa;15;7;402.0
Ala Completa;15;7;695.2415757179016
Media Pechuga;15;7;4278.984384374329
Blanqueta;15;7;130.98501565191503
Alón;15;7;13.151696990112235
Punta;15;7;2.59453932419348
Jamoncito;15;7;815.8875068109314
Medio Muslo;15;7;1481.5415845877317
Entero;16;7;598.0848140128314
Medio Pollo;16;7;322.0
Medio Pollo Superior;16;7;1028.0448570733147
Medio Pollo Inferior;16;7;442.0
Cuarto de Pollo Superior;16;7;1538.695017903823
Muslo Entero;16;7;3086.7919207310742
Pechuga Completa;16;7;402.0
Ala Completa;16;7;756.1745193945931
Media Pechuga;16;7;4943.546707308253
Blanqueta;16;7;154.73385854530332
Alón;16;7;31.79613111868701
Punta;16;7;5.629581610293492
Jamoncito;16;7;982.9909168183776
Medio Muslo;16;7;1390.7391668783796
Entero;17;7;563.8830942419862
Medio Pollo;17;7;406.42768757613635
Medio Pollo Superior;17;7;420.7298247613312
Medio Pollo Inferior;17;7;1509.7355057393984
Cuarto de Pollo Superior;17;7;340.0
Muslo Entero;17;7;2146.9751118902923
Pechuga Completa;17;7;402.0
Ala Completa;17;7;649.2451859191694
Media Pechuga;17;7;6034.369350912722
Blanqueta;17;7;159.20203896414563
Alón;17;7;40.09113116125316
Punta;17;7;3.7872560097296866
Jamoncito;17;7;765.3085118198405
Medio Muslo;17;7;1110.4202959453012
Entero;18;7;1249.4510206026926
Medio Pollo;18;7;322.0
Medio Pollo Superior;18;7;889.2074492758181
Medio Pollo Inferior;18;7;710.5677778640056
Cuarto de Pollo Superior;18;7;443.48188196819933
Muslo Entero;18;7;2091.929935016396
Pechuga Completa;18;7;2094.551126268747
Ala Completa;18;7;495.1265825110545
Media Pechuga;18;7;3841.7943048724865
Blanqueta;18;7;58.0047717040152
Alón;18;7;2.2279467310867958
Punta;18;7;0.0
Jamoncito;18;7;937.7245468952228
Medio Muslo;18;7;723.2655114733702
Entero;19;7;280.0
Medio Pollo;19;7;643.7966328817608
Medio Pollo Superior;19;7;414.0
Medio Pollo Inferior;19;7;1329.1390860254783
Cuarto de Pollo Superior;19;7;407.5264454134833
Muslo Entero;19;7;1721.5987809447329
Pechuga Completa;19;7;402.0
Ala Completa;19;7;419.73923203345055
Media Pechuga;19;7;5094.015445135416
Blanqueta;19;7;18.83254441983891
Alón;19;7;3.772964496296372
Punta;19;7;0.9483277951144604
Jamoncito;19;7;442.8835395571807
Medio Muslo;19;7;1338.3873743311804
Entero;20;7;683.1524259919279
Medio Pollo;20;7;322.0
Medio Pollo Superior;20;7;1151.8631812907843
Medio Pollo Inferior;20;7;442.0
Cuarto de Pollo Superior;20;7;340.0
Muslo Entero;20;7;1914.2321860332079
Pechuga Completa;20;7;766.9518154095458
Ala Completa;20;7;297.5494491496669
Media Pechuga;20;7;3920.873910470492
Blanqueta;20;7;4.789851782380106
Alón;20;7;0.0
Punta;20;7;0.0
Jamoncito;20;7;1065.3352045567608
Medio Muslo;20;7;2698.3029689622417
Entero;21;7;1922.2601576127115
Medio Pollo;21;7;322.0
Medio Pollo Superior;21;7;414.0
Medio Pollo Inferior;21;7;1322.9569824549772
Cuarto de Pollo Superior;21;7;340.0
Muslo Entero;21;7;2073.407018960113
Pechuga Completa;21;7;768.5289657815151
Ala Completa;21;7;533.6100059061237
Media Pechuga;21;7;3133.348127458182
Blanqueta;21;7;1.522561925561996
Alón;21;7;0.0
Punta;21;7;0.0
Jamoncito;21;7;422.0
Medio Muslo;21;7;2220.1432242872274
Entero;1;8;177.0
Medio Pollo;1;8;249.0
Medio Pollo Superior;1;8;297.0
Medio Pollo Inferior;1;8;278.0
Cuarto de Pollo Superior;1;8;238.0
Muslo Entero;1;8;382.0
Pechuga Completa;1;8;274.0
Ala Completa;1;8;173.0
Media Pechuga;1;8;508.0
Blanqueta;1;8;0.0
Alón;1;8;0.0
Punta;1;8;0.0
Jamoncito;1;8;341.0
Medio Muslo;1;8;294.0
Entero;2;8;419.02098375965454
Medio Pollo;2;8;322.0
Medio Pollo Superior;2;8;665.8093665669658
Medio Pollo Inferior;2;8;442.0
Cuarto de Pollo Superior;2;8;479.1360571654502
Muslo Entero;2;8;496.0
Pechuga Completa;2;8;402.0
Ala Completa;2;8;222.0
Media Pechuga;2;8;730.0
Blanqueta;2;8;1.881160884444684
Alón;2;8;0.0
Punta;2;8;0.0
Jamoncito;2;8;747.1804713257986
Medio Muslo;2;8;428.0
Entero;3;8;280.0
Medio Pollo;3;8;322.0
Medio Pollo Superior;3;8;733.823765083403
Medio Pollo Inferior;3;8;822.0843849160271
Cuarto de Pollo Superior;3;8;796.575345265293
Muslo Entero;3;8;496.0
Pechuga Completa;3;8;1302.8182504561717
Ala Completa;3;8;265.30353209381394
Media Pechuga;3;8;730.0
Blanqueta;3;8;0.0
Alón;3;8;0.0
Punta;3;8;0.3884168786298925
Jamoncito;3;8;711.2140434908174
Medio Muslo;3;8;428.0
Entero;4;8;618.4256290344716
Medio Pollo;4;8;699.7844301383258
Medio Pollo Superior;4;8;692.87769833484
Medio Pollo Inferior;4;8;686.6583814501903
Cuarto de Pollo Superior;4;8;340.0
Muslo Entero;4;8;540.4331724283286
Pechuga Completa;4;8;1039.6580217014557
Ala Completa;4;8;332.0689018150807
Media Pechuga;4;8;2549.879717777619
Blanqueta;4;8;4.06137802382489
Alón;4;8;3.7953875323280295
Punta;4;8;0.0
Jamoncito;4;8;768.4483723736394
Medio Muslo;4;8;905.415349188939
Entero;5;8;788.7056275359514
Medio Pollo;5;8;325.5429646579988
Medio Pollo Superior;5;8;509.1686547846832
Medio Pollo Inferior;5;8;640.5957244176514
Cuarto de Pollo Superior;5;8;813.6860595823966
Muslo Entero;5;8;974.2762971380951
Pechuga Completa;5;8;2720.4810692825613
Ala Completa;5;8;599.2914071643497
Media Pechuga;5;8;2465.1134601839276
Blanqueta;5;8;4.7867392412115315
Alón;5;8;0.0
Punta;5;8;0.15455361530993628
Jamoncito;5;8;958.6100516564702
Medio Muslo;5;8;1889.8950361371205
Entero;6;8;337.6873578651532
Medio Pollo;6;8;1841.2197877937228
Medio Pollo Superior;6;8;414.0
Medio Pollo Inferior;6;8;442.0
Cuarto de Pollo Superior;6;8;738.8448276855734
Muslo Entero;6;8;872.8813475789398
Pechuga Completa;6;8;3016.791668986266
Ala Completa;6;8;555.1058423989623
Media Pechuga;6;8;2865.7408077074315
Blanqueta;6;8;10.30009127476933
Alón;6;8;2.9352767176918135
Punta;6;8;1.71638590554827
Jamoncito;6;8;818.2134478938115
Medio Muslo;6;8;894.3260017909281
Entero;7;8;331.95468353974275
Medio Pollo;7;8;464.3811891825442
Medio Pollo Superior;7;8;637.7565190945604
Medio Pollo Inferior;7;8;442.0
Cuarto de Pollo Superior;7;8;1500.5662055094167
Muslo Entero;7;8;1638.5039438453437
Pechuga Completa;7;8;2185.0796031142236
Ala Completa;7;8;274.9598888120271
Media Pechuga;7;8;3049.730348370176
Blanqueta;7;8;32.53107225859322
Alón;7;8;12.886232875922733
Punta;7;8;3.2255559250292194
Jamoncito;7;8;688.4500809515325
Medio Muslo;7;8;1173.834503722516
Entero;8;8;511.54835193357076
Medio Pollo;8;8;322.0
Medio Pollo Superior;8;8;582.5759920090213
Medio Pollo Inferior;8;8;642.3410078935019
Cuarto de Pollo Superior;8;8;1820.7715112727597
Muslo Entero;8;8;1872.8275849379315
Pechuga Completa;8;8;2184.990398891445
Ala Completa;8;8;222.0
Media Pechuga;8;8;2078.4545897744983
Blanqueta;8;8;4.489230136489553
Alón;8;8;0.4782084460648548
Punta;8;8;0.0
Jamoncito;8;8;422.0
Medio Muslo;8;8;1263.798149050633
Entero;9;8;281.5848026645499
Medio Pollo;9;8;673.5922025024265
Medio Pollo Superior;9;8;1096.158281752967
Medio Pollo Inferior;9;8;1021.1904659674149
Cuarto de Pollo Superior;9;8;1093.2697062192412
Muslo Entero;9;8;1651.4022609668773
Pechuga Completa;9;8;3062.992980245209
Ala Completa;9;8;475.67472353065
Media Pechuga;9;8;1374.8708958418845
Blanqueta;9;8;0.0
Alón;9;8;0.0
Punta;9;8;0.0
Jamoncito;9;8;967.4141085935889
Medio Muslo;9;8;1231.4099631282645
Entero;10;8;871.4205998637894
Medio Pollo;10;8;1209.9929763040832
Medio Pollo Superior;10;8;1041.8987247880807
Medio Pollo Inferior;10;8;1585.3719807140283
Cuarto de Pollo Superior;10;8;1405.6041441641587
Muslo Entero;10;8;1602.5721153431825
Pechuga Completa;10;8;2931.087900568231
Ala Completa;10;8;519.4735898498591
Media Pechuga;10;8;2036.4368752221828
Blanqueta;10;8;32.63257394292856
Alón;10;8;9.570927979434266
Punta;10;8;0.0
Jamoncito;10;8;551.4701745976797
Medio Muslo;10;8;1319.241380405926
Entero;11;8;909.9510680580381
Medio Pollo;11;8;982.7196314904825
Medio Pollo Superior;11;8;2647.6448290428534
Medio Pollo Inferior;11;8;917.3689739977563
Cuarto de Pollo Superior;11;8;836.9379030930598
Muslo Entero;11;8;1165.9336011388007
Pechuga Completa;11;8;953.381357955571
Ala Completa;11;8;222.0
Media Pechuga;11;8;3290.4336034435546
Blanqueta;11;8;72.50769066822778
Alón;11;8;29.91472772208046
Punta;11;8;1.3886355210724055
Jamoncito;11;8;1323.0202922773528
Medio Muslo;11;8;2451.0099047214526
Entero;12;8;1345.0176880958584
Medio Pollo;12;8;733.9055009209663
Medio Pollo Superior;12;8;1443.957728500683
Medio Pollo Inferior;12;8;997.0481534102296
Cuarto de Pollo Superior;12;8;354.3069427932053
Muslo Entero;12;8;1428.6742062175538
Pechuga Completa;12;8;3501.404667200786
Ala Completa;12;8;353.9404281734239
Media Pechuga;12;8;1820.2161418477704
Blanqueta;12;8;68.02738430604921
Alón;12;8;0.0
Punta;12;8;2.325517307018866
Jamoncito;12;8;1353.6762374726393
Medio Muslo;12;8;2445.6747013768418
Entero;13;8;1905.8702948393716
Medio Pollo;13;8;322.0
Medio Pollo Superior;13;8;1086.293576631449
Medio Pollo Inferior;13;8;2616.075253419238
Cuarto de Pollo Superior;13;8;1362.1832119563103
Muslo Entero;13;8;2210.2607249480716
Pechuga Completa;13;8;1376.1507720253626
Ala Completa;13;8;712.708916002179
Media Pechuga;13;8;4078.2857210265174
Blanqueta;13;8;18.529505032435452
Alón;13;8;0.0
Punta;13;8;0.9023622955614405
Jamoncito;13;8;811.9009575565638
Medio Muslo;13;8;428.0
Entero;14;8;1807.679518265875
Medio Pollo;14;8;465.16505698627
Medio Pollo Superior;14;8;3013.0913679852665
Medio Pollo Inferior;14;8;1983.1538649890213
Cuarto de Pollo Superior;14;8;518.4997971736926
Muslo Entero;14;8;3157.449266807259
Pechuga Completa;14;8;1309.3685246266473
Ala Completa;14;8;424.2114289823729
Media Pechuga;14;8;3765.1071076396347
Blanqueta;14;8;119.86402736927116
Alón;14;8;25.987754019722708
Punta;14;8;0.0
Jamoncito;14;8;729.7637521146416
Medio Muslo;14;8;428.0
Entero;15;8;1279.8203066427782
Medio Pollo;15;8;1229.0840732881322
Medio Pollo Superior;15;8;2152.8726466031485
Medio Pollo Inferior;15;8;1080.5965102932105
Cuarto de Pollo Superior;15;8;340.0
Muslo Entero;15;8;3502.2649771435244
Pechuga Completa;15;8;1979.5956851965425
Ala Completa;15;8;484.4401477559759
Media Pechuga;15;8;2889.759097450201
Blanqueta;15;8;123.60718560955027
Alón;15;8;9.85750974090147
Punta;15;8;0.0
Jamoncito;15;8;527.0345141721425
Medio Muslo;15;8;428.0
Entero;16;8;1151.5686107718134
Medio Pollo;16;8;568.9245936380098
Medio Pollo Superior;16;8;445.81719366544615
Medio Pollo Inferior;16;8;1168.6898224093823
Cuarto de Pollo Superior;16;8;340.0
Muslo Entero;16;8;2589.700872504206
Pechuga Completa;16;8;2664.6169611320142
Ala Completa;16;8;742.1662022442708
Media Pechuga;16;8;2805.8851407712878
Blanqueta;16;8;127.4081094331324
Alón;16;8;4.925318615113682
Punta;16;8;0.0
Jamoncito;16;8;662.9320932701501
Medio Muslo;16;8;890.5468229477578
Entero;17;8;1040.1476642794
Medio Pollo;17;8;322.0
Medio Pollo Superior;17;8;414.0
Medio Pollo Inferior;17;8;723.5995356703753
Cuarto de Pollo Superior;17;8;340.0
Muslo Entero;17;8;1828.386670208219
Pechuga Completa;17;8;1590.824103449845
Ala Completa;17;8;535.4121297861872
Media Pechuga;17;8;3590.1422478566014
Blanqueta;17;8;109.48771623920183
Alón;17;8;0.0
Punta;17;8;0.3672016354015506
Jamoncito;17;8;1362.9205862031595
Medio Muslo;17;8;1555.410353679726
Entero;18;8;670.7650756113306
Medio Pollo;18;8;1925.4809798830736
Medio Pollo Superior;18;8;673.8290858074561
Medio Pollo Inferior;18;8;1083.5250569716968
Cuarto de Pollo Superior;18;8;1609.5131480147197
Muslo Entero;18;8;2349.52786726508
Pechuga Completa;18;8;402.0
Ala Completa;18;8;222.0
Media Pechuga;18;8;2162.0600804256583
Blanqueta;18;8;56.25844927228695
Alón;18;8;0.0
Punta;18;8;0.02624235596415686
Jamoncito;18;8;1452.8645763305603
Medio Muslo;18;8;1433.398062861706
Entero;19;8;943.7839252447557
Medio Pollo;19;8;1665.2820983627353
Medio Pollo Superior;19;8;725.6941722556653
Medio Pollo Inferior;19;8;2237.065431615988
Cuarto de Pollo Superior;19;8;900.1486894746765
Muslo Entero;19;8;2158.935033487136
Pechuga Completa;19;8;530.8323520086897
Ala Completa;19;8;222.0
Media Pechuga;19;8;2828.797432623619
Blanqueta;19;8;28.1282411317913
Alón;19;8;0.0
Punta;19;8;1.2802486988420334
Jamoncito;19;8;1493.2221575746885
Medio Muslo;19;8;552.3036625446966
Entero;20;8;280.0
Medio Pollo;20;8;979.0784401931102
Medio Pollo Superior;20;8;1064.2160420469534
Medio Pollo Inferior;20;8;2840.39348967924
Cuarto de Pollo Superior;20;8;897.7409022235261
Muslo Entero;20;8;2059.179592355196
Pechuga Completa;20;8;402.0
Ala Completa;20;8;222.0
Media Pechuga;20;8;2484.3394432478417
Blanqueta;20;8;1.5172023461173723
Alón;20;8;3.1948653744750626
Punta;20;8;0.3894577746863277
Jamoncito;20;8;1737.1718409150837
Medio Muslo;20;8;468.6098468121231
Entero;21;8;280.0
Medio Pollo;21;8;1505.7145474677372
Medio Pollo Superior;21;8;646.2055167027049
Medio Pollo Inferior;21;8;1943.4837277465276
Cuarto de Pollo Superior;21;8;340.0
Muslo Entero;21;8;2276.397914650608
Pechuga Completa;21;8;2023.2750380974103
Ala Completa;21;8;636.6787711703674
Media Pechuga;21;8;730.0
Blanqueta;21;8;7.172087006674031
Alón;21;8;0.0
Punta;21;8;0.0
Jamoncito;21;8;1649.4679442958445
Medio Muslo;21;8;497.7450359751688
Entero;1;9;177.0
Medio Pollo;1;9;249.0
Medio Pollo Superior;1;9;297.0
Medio Pollo Inferior;1;9;278.0
Cuarto de Pollo Superior;1;9;238.0
Muslo Entero;1;9;382.0
Pechuga Completa;1;9;274.0
Ala Completa;1;9;173.0
Media Pechuga;1;9;508.0
Blanqueta;1;9;0.0
Alón;1;9;0.0
Punta;1;9;0.0
Jamoncito;1;9;341.0
Medio Muslo;1;9;294.0
Entero;2;9;629.7745757146495
Medio Pollo;2;9;643.1544171783515
Medio Pollo Superior;2;9;898.3968822035105
Medio Pollo Inferior;2;9;442.0
Cuarto de Pollo Superior;2;9;391.1243656716681
Muslo Entero;2;9;783.0039729252494
Pechuga Completa;2;9;1167.7880001391748
Ala Completa;2;9;222.0
Media Pechuga;2;9;730.0
Blanqueta;2;9;0.22104859092192886
Alón;2;9;1.0675933910758024
Punta;2;9;0.0
Jamoncito;2;9;422.0
Medio Muslo;2;9;1019.410198934444
Entero;3;9;352.459089616631
Medio Pollo;3;9;1114.3884298847838
Medio Pollo Superior;3;9;427.46753377060077
Medio Pollo Inferior;3;9;829.0905337132353
Cuarto de Pollo Superior;3;9;340.0
Muslo Entero;3;9;1070.3861673157753
Pechuga Completa;3;9;402.0
Ala Completa;3;9;222.0
Media Pechuga;3;9;2447.5667741620546
Blanqueta;3;9;2.4086835582858477
Alón;3;9;1.3714806982540493
Punta;3;9;0.0
Jamoncito;3;9;428.8787161087023
Medio Muslo;3;9;1869.2492077097845
Entero;4;9;280.0
Medio Pollo;4;9;607.3173552153463
Medio Pollo Superior;4;9;590.8686446486045
Medio Pollo Inferior;4;9;866.2792215466802
Cuarto de Pollo Superior;4;9;959.941634805436
Muslo Entero;4;9;1007.1332009007172
Pechuga Completa;4;9;402.0
Ala Completa;4;9;605.965107657665
Media Pechuga;4;9;2343.7623517158604
Blanqueta;4;9;0.0
Alón;4;9;0.0003156131092862946
Punta;4;9;0.0
Jamoncito;4;9;911.9638797030315
Medio Muslo;4;9;2679.205119405814
Entero;5;9;504.1467751046109
Medio Pollo;5;9;1348.2396752918266
Medio Pollo Superior;5;9;913.6988872162394
Medio Pollo Inferior;5;9;1071.115442182781
Cuarto de Pollo Superior;5;9;988.8706804413966
Muslo Entero;5;9;1938.1838973156505
Pechuga Completa;5;9;477.9242420073829
Ala Completa;5;9;576.7293931122477
Media Pechuga;5;9;2236.6715025649205
Blanqueta;5;9;78.55341173706125
Alón;5;9;22.21073666749149
Punta;5;9;5.5349138939999865
Jamoncito;5;9;433.71570974521137
Medio Muslo;5;9;2049.068065790961
Entero;6;9;915.4265236835189
Medio Pollo;6;9;963.8356130912766
Medio Pollo Superior;6;9;1064.3505003339844
Medio Pollo Inferior;6;9;787.1436641242898
Cuarto de Pollo Superior;6;9;462.87120444240327
Muslo Entero;6;9;1865.7004958644254
Pechuga Completa;6;9;740.8483908122666
Ala Completa;6;9;585.8627953258957
Media Pechuga;6;9;2497.7659281670617
Blanqueta;6;9;74.36470562513315
Alón;6;9;41.57542612705276
Punta;6;9;0.0
Jamoncito;6;9;665.9440534689713
Medio Muslo;6;9;2762.097055213092
Entero;7;9;1055.5849819394957
Medio Pollo;7;9;1678.6057444697253
Medio Pollo Superior;7;9;700.4565630771148
Medio Pollo Inferior;7;9;521.7914961908232
Cuarto de Pollo Superior;7;9;852.0932997454952
Muslo Entero;7;9;1728.4197807490937
Pechuga Completa;7;9;461.76814190820005
Ala Completa;7;9;503.2616437785729
Media Pechuga;7;9;2475.7718060897632
Blanqueta;7;9;56.12073554411937
Alón;7;9;39.544195662792234
Punta;7;9;1.7474114785881731
Jamoncito;7;9;567.7629148472156
Medio Muslo;7;9;2994.355945621588
Entero;8;9;578.2932315210002
Medio Pollo;8;9;2032.1737243520065
Medio Pollo Superior;8;9;1178.5653244843907
Medio Pollo Inferior;8;9;1056.458185990362
Cuarto de Pollo Superior;8;9;1112.5331557320023
Muslo Entero;8;9;1904.9982719107113
Pechuga Completa;8;9;402.0
Ala Completa;8;9;696.5493016381973
Media Pechuga;8;9;2389.4550929374986
Blanqueta;8;9;99.63034413418195
Alón;8;9;40.58564021755688
Punta;8;9;2.057558996760049
Jamoncito;8;9;899.7018916136589
Medio Muslo;8;9;2498.907787692181
Entero;9;9;587.9467705277765
Medio Pollo;9;9;2148.454443208146
Medio Pollo Superior;9;9;1395.2176645402312
Medio Pollo Inferior;9;9;750.8177996718621
Cuarto de Pollo Superior;9;9;607.9988417364418
Muslo Entero;9;9;2191.8718822096507
Pechuga Completa;9;9;402.0
Ala Completa;9;9;567.7185671901817
Media Pechuga;9;9;2492.1372524719195
Blanqueta;9;9;189.04837149042885
Alón;9;9;37.34251216193967
Punta;9;9;8.75609169997133
Jamoncito;9;9;1316.2104138726036
Medio Muslo;9;9;2589.342370903262
Entero;10;9;353.42791998618713
Medio Pollo;10;9;1261.638365016859
Medio Pollo Superior;10;9;414.0
Medio Pollo Inferior;10;9;1443.0711062041294
Cuarto de Pollo Superior;10;9;1504.0555763182554
Muslo Entero;10;9;3522.626506557721
Pechuga Completa;10;9;402.0
Ala Completa;10;9;424.5450662138152
Media Pechuga;10;9;2724.423271316557
Blanqueta;10;9;176.25905608675336
Alón;10;9;17.38925210674971
Punta;10;9;0.0
Jamoncito;10;9;799.8712380557416
Medio Muslo;10;9;1362.7870741826525
Entero;11;9;512.2934284627074
Medio Pollo;11;9;629.1006478799588
Medio Pollo Superior;11;9;637.4102051531513
Medio Pollo Inferior;11;9;442.0
Cuarto de Pollo Superior;11;9;340.0
Muslo Entero;11;9;3070.0182847153055
Pechuga Completa;11;9;2056.0572354383644
Ala Completa;11;9;289.0593315913169
Media Pechuga;11;9;730.0
Blanqueta;11;9;77.42841737716878
Alón;11;9;0.0
Punta;11;9;0.1325534475470862
Jamoncito;11;9;1834.3852342780829
Medio Muslo;11;9;2016.6225824219903
Entero;12;9;783.6828503039926
Medio Pollo;12;9;580.614805987203
Medio Pollo Superior;12;9;476.5354312112445
Medio Pollo Inferior;12;9;2207.8382895249238
Cuarto de Pollo Superior;12;9;1001.1161374479143
Muslo Entero;12;9;3246.3299802548886
Pechuga Completa;12;9;1397.7269793925404
Ala Completa;12;9;222.0
Media Pechuga;12;9;2338.5515857236787
Blanqueta;12;9;38.398981846956616
Alón;12;9;0.0
Punta;12;9;0.025255516180089005
Jamoncito;12;9;1003.6023913785285
Medio Muslo;12;9;1767.6567380492972
Entero;13;9;1048.4676747283695
Medio Pollo;13;9;702.6968095535977
Medio Pollo Superior;13;9;893.4962411233228
Medio Pollo Inferior;13;9;3914.4330787976583
Cuarto de Pollo Superior;13;9;840.7848621873177
Muslo Entero;13;9;2853.84141689294
Pechuga Completa;13;9;933.998208822499
Ala Completa;13;9;229.93741192084747
Media Pechuga;13;9;3153.8268983077483
Blanqueta;13;9;0.0
Alón;13;9;0.0
Punta;13;9;0.0
Jamoncito;13;9;1026.3076903166032
Medio Muslo;13;9;1450.5492310524298
Entero;14;9;1149.8366809564936
Medio Pollo;14;9;1983.9509202879694
Medio Pollo Superior;14;9;414.0
Medio Pollo Inferior;14;9;2710.9525050973243
Cuarto de Pollo Superior;14;9;340.0
Muslo Entero;14;9;1806.2840830385921
Pechuga Completa;14;9;3238.8635976974797
Ala Completa;14;9;222.0
Media Pechuga;14;9;730.0
Blanqueta;14;9;2.1693482937222175
Alón;14;9;0.0
Punta;14;9;0.07924281610231976
Jamoncito;14;9;1648.515118206285
Medio Muslo;14;9;1861.9781010041331
Entero;15;9;1136.1152265135393
Medio Pollo;15;9;443.85277204577915
Medio Pollo Superior;15;9;632.4504564234842
Medio Pollo Inferior;15;9;1236.8685704474383
Cuarto de Pollo Superior;15;9;486.12258822321996
Muslo Entero;15;9;1939.6761034216906
Pechuga Completa;15;9;1280.566493736464
Ala Completa;15;9;554.1407214771801
Media Pechuga;15;9;2027.6126751210386
Blanqueta;15;9;0.0
Alón;15;9;0.22555870461901573
Punta;15;9;0.019777519869786597
Jamoncito;15;9;2287.7840548207314
Medio Muslo;15;9;2532.5729528876836
Entero;16;9;280.0
Medio Pollo;16;9;547.8372700964594
Medio Pollo Superior;16;9;708.5552403014096
Medio Pollo Inferior;16;9;865.0965553338107
Cuarto de Pollo Superior;16;9;340.0
Muslo Entero;16;9;2148.0335632924703
Pechuga Completa;16;9;1851.5815264252346
Ala Completa;16;9;413.35361654756787
Media Pechuga;16;9;1294.173882744038
Blanqueta;16;9;30.959923539640315
Alón;16;9;2.603861650047584
Punta;16;9;1.9730189931431372
Jamoncito;16;9;2276.9885043403965
Medio Muslo;16;9;2396.2377869073966
Entero;17;9;280.0
Medio Pollo;17;9;1671.2769266034277
Medio Pollo Superior;17;9;565.580094415802
Medio Pollo Inferior;17;9;1665.2258734341226
Cuarto de Pollo Superior;17;9;1041.9798041171532
Muslo Entero;17;9;1621.0910705142255
Pechuga Completa;17;9;609.443133950762
Ala Completa;17;9;504.00103599351087
Media Pechuga;17;9;1923.3554066360439
Blanqueta;17;9;23.55926558710918
Alón;17;9;0.0
Punta;17;9;0.0
Jamoncito;17;9;1424.5145839443567
Medio Muslo;17;9;1976.243952376408
Entero;18;9;282.15175206501704
Medio Pollo;18;9;2494.3860867642616
Medio Pollo Superior;18;9;967.6178781882736
Medio Pollo Inferior;18;9;2228.9680803695633
Cuarto de Pollo Superior;18;9;340.0
Muslo Entero;18;9;1916.6592110441934
Pechuga Completa;18;9;666.8738345916167
Ala Completa;18;9;556.7663836059382
Media Pechuga;18;9;2556.5749629718803
Blanqueta;18;9;71.3202510651656
Alón;18;9;0.0
Punta;18;9;5.142806623070161
Jamoncito;18;9;781.6682159451809
Medio Muslo;18;9;2021.919612140146
Entero;19;9;419.5506164534106
Medio Pollo;19;9;1713.223499265585
Medio Pollo Superior;19;9;1400.576544154841
Medio Pollo Inferior;19;9;1317.2502893997444
Cuarto de Pollo Superior;19;9;686.9470759804708
Muslo Entero;19;9;2195.002071773516
Pechuga Completa;19;9;1011.8887194426347
Ala Completa;19;9;242.64508165897848
Media Pechuga;19;9;1287.9526139035077
Blanqueta;19;9;103.72113479112942
Alón;19;9;19.18205033395276
Punta;19;9;6.554073835154725
Jamoncito;19;9;797.4628831507146
Medio Muslo;19;9;3105.5489049032512
Entero;20;9;812.3450318335608
Medio Pollo;20;9;1111.4602308099372
Medio Pollo Superior;20;9;414.0
Medio Pollo Inferior;20;9;442.0
Cuarto de Pollo Superior;20;9;862.3750700260402
Muslo Entero;20;9;2820.575930389038
Pechuga Completa;20;9;1880.7168655674352
Ala Completa;20;9;362.1661560008007
Media Pechuga;20;9;920.6678905433826
Blanqueta;20;9;39.96805490357266
Alón;20;9;0.0
Punta;20;9;0.0
Jamoncito;20;9;1220.7308995372603
Medio Muslo;20;9;4144.853587293818
Entero;21;9;602.8988414754097
Medio Pollo;21;9;1213.0306322399683
Medio Pollo Superior;21;9;414.0
Medio Pollo Inferior;21;9;2422.2686066513234
Cuarto de Pollo Superior;21;9;1113.9687606666014
Muslo Entero;21;9;1915.2454826975859
Pechuga Completa;21;9;402.0
Ala Completa;21;9;260.02552080029454
Media Pechuga;21;9;2032.123116091972
Blanqueta;21;9;25.934687334920987
Alón;21;9;0.0
Punta;21;9;0.0
Jamoncito;21;9;523.5911302864794
Medio Muslo;21;9;3698.9290491529528
Entero;1;10;177.0
Medio Pollo;1;10;249.0
Medio Pollo Superior;1;10;297.0
Medio Pollo Inferior;1;10;278.0
Cuarto de Pollo Superior;1;10;238.0
Muslo Entero;1;10;382.0
Pechuga Completa;1;10;274.0
Ala Completa;1;10;173.0
Media Pechuga;1;10;508.0
Blanqueta;1;10;0.0
Alón;1;10;0.0
Punta;1;10;0.0
Jamoncito;1;10;341.0
Medio Muslo;1;10;294.0
Entero;2;10;448.69459254309356
Medio Pollo;2;10;359.18820345182803
Medio Pollo Superior;2;10;662.2697346771495
Medio Pollo Inferior;2;10;491.8617758133621
Cuarto de Pollo Superior;2;10;340.0
Muslo Entero;2;10;496.0
Pechuga Completa;2;10;1211.4970940670044
Ala Completa;2;10;242.87008389515506
Media Pechuga;2;10;730.0
Blanqueta;2;10;0.0
Alón;2;10;0.46254046930339054
Punta;2;10;0.3445079529127296
Jamoncito;2;10;784.3616995266417
Medio Muslo;2;10;428.0
Entero;3;10;612.0415274570892
Medio Pollo;3;10;322.0
Medio Pollo Superior;3;10;607.2659208847742
Medio Pollo Inferior;3;10;627.9516546430582
Cuarto de Pollo Superior;3;10;352.28107065085715
Muslo Entero;3;10;496.0
Pechuga Completa;3;10;496.59942029033937
Ala Completa;3;10;342.15280578582417
Media Pechuga;3;10;730.0
Blanqueta;3;10;0.0
Alón;3;10;0.3404765484087605
Punta;3;10;0.22163248441073918
Jamoncito;3;10;1125.992015197979
Medio Muslo;3;10;832.6472622653941
Entero;4;10;280.0
Medio Pollo;4;10;753.0877593536777
Medio Pollo Superior;4;10;710.0754735764092
Medio Pollo Inferior;4;10;779.7484321742168
Cuarto de Pollo Superior;4;10;340.0
Muslo Entero;4;10;1575.217083002422
Pechuga Completa;4;10;402.0
Ala Completa;4;10;243.36115286316863
Media Pechuga;4;10;1143.8655291325213
Blanqueta;4;10;0.0
Alón;4;10;0.0
Punta;4;10;0.0
Jamoncito;4;10;884.7965210273387
Medio Muslo;4;10;943.2998631377038
Entero;5;10;487.34144504751
Medio Pollo;5;10;371.74189926631925
Medio Pollo Superior;5;10;909.5322998435604
Medio Pollo Inferior;5;10;1107.857714053135
Cuarto de Pollo Superior;5;10;1120.8036995090188
Muslo Entero;5;10;2003.1258943913917
Pechuga Completa;5;10;431.8293545371166
Ala Completa;5;10;286.3035218359794
Media Pechuga;5;10;2219.8722503922563
Blanqueta;5;10;2.178740933706349
Alón;5;10;0.27417203048813477
Punta;5;10;0.1616081356161636
Jamoncito;5;10;1117.1569439490897
Medio Muslo;5;10;428.0
Entero;6;10;720.8608277620143
Medio Pollo;6;10;322.0
Medio Pollo Superior;6;10;414.0
Medio Pollo Inferior;6;10;874.7796973364759
Cuarto de Pollo Superior;6;10;1467.1033085031938
Muslo Entero;6;10;2035.215973708872
Pechuga Completa;6;10;2207.3907555800342
Ala Completa;6;10;315.71487874829825
Media Pechuga;6;10;730.0
Blanqueta;6;10;0.0
Alón;6;10;0.0
Punta;6;10;0.0
Jamoncito;6;10;1538.4245615932575
Medio Muslo;6;10;1036.5732458923133
Entero;7;10;410.65893166295393
Medio Pollo;7;10;322.0
Medio Pollo Superior;7;10;1050.0378087508573
Medio Pollo Inferior;7;10;1443.3916571178734
Cuarto de Pollo Superior;7;10;344.0690901865323
Muslo Entero;7;10;1533.2840869346626
Pechuga Completa;7;10;402.0
Ala Completa;7;10;499.2389303673714
Media Pechuga;7;10;1733.9073650700816
Blanqueta;7;10;8.309272041303494
Alón;7;10;2.5478416297153466
Punta;7;10;1.428614966642888
Jamoncito;7;10;1632.6070446310011
Medio Muslo;7;10;1769.8969731477382
Entero;8;10;393.4683362831046
Medio Pollo;8;10;1188.4868064663879
Medio Pollo Superior;8;10;1321.2759055836827
Medio Pollo Inferior;8;10;1008.8995855315075
Cuarto de Pollo Superior;8;10;787.9048537192441
Muslo Entero;8;10;1395.362828234256
Pechuga Completa;8;10;402.0
Ala Completa;8;10;593.9560700418447
Media Pechuga;8;10;1767.0786233957335
Blanqueta;8;10;40.93857111244309
Alón;8;10;0.0
Punta;8;10;0.0
Jamoncito;8;10;1246.2936513820018
Medio Muslo;8;10;1088.4720367993502
Entero;9;10;772.5275937366073
Medio Pollo;9;10;900.5048915443222
Medio Pollo Superior;9;10;1379.6137603931286
Medio Pollo Inferior;9;10;442.0
Cuarto de Pollo Superior;9;10;349.86612660722653
Muslo Entero;9;10;2381.0968212382104
Pechuga Completa;9;10;1049.7430098972948
Ala Completa;9;10;222.0
Media Pechuga;9;10;1881.195082844303
Blanqueta;9;10;137.96894710716936
Alón;9;10;25.709203821688526
Punta;9;10;5.882519203844005
Jamoncito;9;10;1747.8068946434873
Medio Muslo;9;10;1814.4102233810986
Entero;10;10;726.7064001080686
Medio Pollo;10;10;322.0
Medio Pollo Superior;10;10;1176.6212854808198
Medio Pollo Inferior;10;10;976.3011442909165
Cuarto de Pollo Superior;10;10;1088.3428591983482
Muslo Entero;10;10;1958.3861947982923
Pechuga Completa;10;10;1169.4094813312054
Ala Completa;10;10;222.0
Media Pechuga;10;10;2026.532421653723
Blanqueta;10;10;88.64407823866588
Alón;10;10;3.6312121354673543
Punta;10;10;0.0
Jamoncito;10;10;1459.629069238719
Medio Muslo;10;10;2722.3707728457734
Entero;11;10;280.0
Medio Pollo;11;10;612.7767720062218
Medio Pollo Superior;11;10;1086.2651173885356
Medio Pollo Inferior;11;10;1394.2904160896287
Cuarto de Pollo Superior;11;10;1044.3876858749486
Muslo Entero;11;10;1389.609488388673
Pechuga Completa;11;10;1094.7221966118225
Ala Completa;11;10;630.4596451595603
Media Pechuga;11;10;4294.232551569385
Blanqueta;11;10;27.441037934413558
Alón;11;10;0.0
Punta;11;10;0.0
Jamoncito;11;10;1381.9203866025118
Medio Muslo;11;10;1746.901183462548
Entero;12;10;280.0
Medio Pollo;12;10;322.0
Medio Pollo Superior;12;10;1713.8674795902716
Medio Pollo Inferior;12;10;993.7448008333986
Cuarto de Pollo Superior;12;10;1909.8862237593976
Muslo Entero;12;10;2784.7527371154533
Pechuga Completa;12;10;1189.0890244775346
Ala Completa;12;10;222.0
Media Pechuga;12;10;4496.554452663942
Blanqueta;12;10;44.455063961973934
Alón;12;10;15.616707765641248
Punta;12;10;0.0
Jamoncito;12;10;670.4964857972109
Medio Muslo;12;10;1394.23199997259
Entero;13;10;1170.1220179452596
Medio Pollo;13;10;1188.2185155040895
Medio Pollo Superior;13;10;414.0
Medio Pollo Inferior;13;10;496.4616854757743
Cuarto de Pollo Superior;13;10;1075.5096518880473
Muslo Entero;13;10;2661.3262496834504
Pechuga Completa;13;10;3421.124104229443
Ala Completa;13;10;222.0
Media Pechuga;13;10;2688.8747863830563
Blanqueta;13;10;10.731870261993825
Alón;13;10;0.5767895022947926
Punta;13;10;0.0
Jamoncito;13;10;1170.858822794832
Medio Muslo;13;10;1979.1817733100972
Entero;14;10;696.7480950261184
Medio Pollo;14;10;879.3947017250035
Medio Pollo Superior;14;10;414.0
Medio Pollo Inferior;14;10;950.5707298980805
Cuarto de Pollo Superior;14;10;1936.763318258673
Muslo Entero;14;10;3020.9953848468135
Pechuga Completa;14;10;3555.002938113109
Ala Completa;14;10;501.8510855733266
Media Pechuga;14;10;2194.096096745432
Blanqueta;14;10;0.753807204279326
Alón;14;10;0.07250755587270352
Punta;14;10;0.0
Jamoncito;14;10;1253.1946458335306
Medio Muslo;14;10;1772.8120001926588
Entero;15;10;1666.062278739345
Medio Pollo;15;10;322.0
Medio Pollo Superior;15;10;672.017444283653
Medio Pollo Inferior;15;10;610.426675946737
Cuarto de Pollo Superior;15;10;910.2019481523685
Muslo Entero;15;10;2534.048045661714
Pechuga Completa;15;10;4753.251372223851
Ala Completa;15;10;619.0731396356092
Media Pechuga;15;10;1122.0615809171916
Blanqueta;15;10;38.850400319284645
Alón;15;10;0.0
Punta;15;10;4.129072898608203
Jamoncito;15;10;1256.6442188939743
Medio Muslo;15;10;1790.8143751545615
Entero;16;10;1031.6135371067244
Medio Pollo;16;10;341.6976573484735
Medio Pollo Superior;16;10;414.0
Medio Pollo Inferior;16;10;1614.2492802814568
Cuarto de Pollo Superior;16;10;2254.305862280923
Muslo Entero;16;10;3346.635181782617
Pechuga Completa;16;10;1965.853966655739
Ala Completa;16;10;222.0
Media Pechuga;16;10;2935.747657613418
Blanqueta;16;10;60.38116098455755
Alón;16;10;0.0
Punta;16;10;5.636365227213395
Jamoncito;16;10;935.7225186321024
Medio Muslo;16;10;862.6233728369643
Entero;17;10;898.8893737621664
Medio Pollo;17;10;787.0832683895665
Medio Pollo Superior;17;10;414.0
Medio Pollo Inferior;17;10;612.7251517209164
Cuarto de Pollo Superior;17;10;818.3554523687435
Muslo Entero;17;10;1987.772830343444
Pechuga Completa;17;10;2438.7131090832913
Ala Completa;17;10;624.0282307586474
Media Pechuga;17;10;3556.2652750588304
Blanqueta;17;10;1.0577979912893412
Alón;17;10;0.0
Punta;17;10;0.6542196505580371
Jamoncito;17;10;1062.2325558513328
Medio Muslo;17;10;1603.4369458936253
Entero;18;10;359.32298656011255
Medio Pollo;18;10;416.9998677211013
Medio Pollo Superior;18;10;1924.5471633795034
Medio Pollo Inferior;18;10;1945.0721222536285
Cuarto de Pollo Superior;18;10;1119.489194981066
Muslo Entero;18;10;2096.2427599751027
Pechuga Completa;18;10;786.0880166562549
Ala Completa;18;10;609.4554295757971
Media Pechuga;18;10;4199.514069838464
Blanqueta;18;10;23.98274340583997
Alón;18;10;0.3422571847177238
Punta;18;10;1.3988104295497426
Jamoncito;18;10;707.7481307906746
Medio Muslo;18;10;428.0
Entero;19;10;1142.2808914761417
Medio Pollo;19;10;1071.1509587973612
Medio Pollo Superior;19;10;414.0
Medio Pollo Inferior;19;10;1367.2219826547607
Cuarto de Pollo Superior;19;10;1057.1748963975117
Muslo Entero;19;10;2580.3916079989103
Pechuga Completa;19;10;1525.7407052846224
Ala Completa;19;10;516.5223831653293
Media Pechuga;19;10;2466.7780058705066
Blanqueta;19;10;47.95382988108007
Alón;19;10;20.05573585639081
Punta;19;10;5.273125001015234
Jamoncito;19;10;1149.4423749511652
Medio Muslo;19;10;1363.9972548949997
Entero;20;10;1188.0333889516248
Medio Pollo;20;10;1497.3192088426226
Medio Pollo Superior;20;10;1069.785227309997
Medio Pollo Inferior;20;10;818.5926346754012
Cuarto de Pollo Superior;20;10;340.0
Muslo Entero;20;10;1858.0266491279042
Pechuga Completa;20;10;2744.8877457017243
Ala Completa;20;10;222.0
Media Pechuga;20;10;1957.8588722681466
Blanqueta;20;10;55.16477431853308
Alón;20;10;28.45743681993636
Punta;20;10;0.0
Jamoncito;20;10;1016.7687786451507
Medio Muslo;20;10;1579.1223604899385
Entero;21;10;1260.7970529421395
Medio Pollo;21;10;620.9729663404385
Medio Pollo Superior;21;10;1032.840264405994
Medio Pollo Inferior;21;10;771.1769119737183
Cuarto de Pollo Superior;21;10;415.59763355785617
Muslo Entero;21;10;2635.187857237988
Pechuga Completa;21;10;3061.922092561491
Ala Completa;21;10;359.13008985036527
Media Pechuga;21;10;2312.484463909311
Blanqueta;21;10;11.048837786841666
Alón;21;10;7.01624325362183
Punta;21;10;0.0
Jamoncito;21;10;970.2286495062327
Medio Muslo;21;10;855.7754012505923
