t;r;value
1;1;977993.9926760935
2;1;1208002.96315792
3;1;1176234.238015625
4;1;1169905.2853484969
5;1;1161998.0172726954
6;1;1280369.2832563072
7;1;969541.3381455108
8;1;1214915.2427620739
9;1;1360851.4404205296
10;1;1223275.6052755245
11;1;1060137.4040269346
12;1;1155281.137166864
13;1;1338262.1164019485
14;1;1161045.7350869994
15;1;1206700.2910084967
16;1;1420114.330487445
17;1;1269949.361928014
18;1;1217692.2704093903
19;1;1156604.6310090898
20;1;1231118.9007631408
21;1;1207479.4334732662
22;1;1231084.695443445
23;1;1264274.061677948
24;1;1299730.552766842
25;1;1091487.4103213768
26;1;1280375.4048703914
27;1;1090040.4883646672
28;1;1315094.8006239538
29;1;1261838.77803944
30;1;1258849.786492137
31;1;1401735.6659388854
32;1;1082313.3815107192
33;1;1064441.7718003087
34;1;1401971.0973080867
35;1;1221405.554681191
36;1;1341182.8557151684
37;1;1214642.8355979386
38;1;1256091.7751570027
39;1;1232267.7729619201
40;1;1329832.7523567579
41;1;1119428.6277840137
42;1;1317433.7889948846
43;1;1216056.9049925162
44;1;1180376.9656161875
45;1;1387242.706484693
46;1;1385157.0106093723
47;1;1193285.6963181223
48;1;1227382.7488868814
49;1;1126329.1512602633
50;1;1374962.912568344
51;1;1062934.581454869
52;1;1188705.432905095
53;1;1370006.322833599
54;1;1186224.1633119246
55;1;1276928.0594265992
56;1;1281511.290918632
57;1;1189613.6147625966
58;1;1311656.4686847278
59;1;1250302.5281986666
60;1;1282715.796084878
61;1;1289601.7385902838
62;1;1021534.4950173919
63;1;1221597.7895265366
64;1;1291848.5695492649
65;1;1352758.0706731968
66;1;1230039.5309051722
67;1;1212751.012655498
68;1;1344256.5396334277
69;1;1151010.9436815095
70;1;1335135.15297359
71;1;1110679.9849409084
72;1;1168409.6362916096
73;1;1146204.3628045546
74;1;1289397.8249615026
75;1;1283828.9635530896
76;1;1121323.1914992626
77;1;1361328.5556922806
78;1;1325522.9233941764
79;1;1167004.6581550788
80;1;1378844.376952733
81;1;1273106.0438375773
82;1;1067118.2869883012
83;1;1221214.3303191077
84;1;1278801.647654824
85;1;1154037.962375742
86;1;1230410.3136566044
87;1;1330343.4400480213
88;1;1178459.621829085
89;1;1122889.0379697117
90;1;1186181.7374065395
91;1;1178463.1157993162
92;1;1449455.0979714
93;1;1366490.5262799188
94;1;1359361.061299038
95;1;1375155.6345069262
96;1;1217807.3696243686
97;1;1189048.1793784422
98;1;1197468.8175726389
99;1;1248011.635735523
100;1;1116797.0796860368
101;1;1302482.7463645507
102;1;1366106.2879502086
103;1;1292260.4342629733
104;1;1336255.0799792565
105;1;1260398.2776582863
106;1;1241298.9828180985
107;1;1241031.9487385796
108;1;1215157.9135295912
109;1;1201984.475859718
110;1;1181698.868040545
111;1;1207845.844009005
112;1;948216.954865301
113;1;1398257.1266997927
114;1;1280682.3190781383
115;1;1168033.583610497
116;1;1206204.7143146284
117;1;1075617.717858336
118;1;1424661.7062429998
119;1;1094707.3225864093
120;1;1173037.1137957487
121;1;1397373.1425021077
122;1;1460462.2143723557
123;1;1088237.6913554985
124;1;1251088.579712752
125;1;1401021.2337509065
126;1;1051301.5772760399
127;1;1349230.603608092
128;1;1225417.7775772857
129;1;1010784.1307124982
130;1;1419686.0234535744
131;1;1262593.7868734049
132;1;962200.9805995543
133;1;1232245.5394816143
134;1;1401519.8562436264
135;1;1263219.3907812838
136;1;1066863.527495706
137;1;1419401.5697048607
138;1;1273009.4323333607
139;1;1278631.4722268651
140;1;1143077.22868081
141;1;1274897.5972207924
142;1;1256642.9428308099
143;1;1213549.8963815838
144;1;1205529.6738330247
145;1;1157166.2392909694
146;1;1241095.0795419333
147;1;1337422.3569076234
148;1;1293760.2378251199
149;1;1283084.351682777
150;1;1246133.1399493318
151;1;1289411.7480474883
152;1;1380667.5043446927
153;1;1048614.7658066468
154;1;1206224.6002905818
155;1;1187852.2803157289
156;1;1350439.1424452458
157;1;1435197.5672870139
158;1;1340883.820811749
159;1;1213334.5342121567
160;1;1193904.7307745814
161;1;1341232.5908122764
162;1;1314940.0036317124
163;1;1168720.418053368
164;1;1105034.0199612286
165;1;1285535.6249790862
166;1;1213498.4766605182
167;1;1312576.2860023216
168;1;1215501.8394226665
1;2;1073280.2709139218
2;2;1278453.5217062796
3;2;1158269.0057882294
4;2;1074833.79817512
5;2;1037667.5903274657
6;2;1222821.228948152
7;2;1241822.002532558
8;2;1261526.2989166274
9;2;1240611.3495509191
10;2;1172981.9753858407
11;2;1410241.7198825015
12;2;1141394.093761225
13;2;1124045.4104750417
14;2;1397962.0093071403
15;2;1190306.5475856722
16;2;1315467.2644233669
17;2;1371577.4116221273
18;2;1245806.0215220712
19;2;1168415.7187401678
20;2;1301942.4577971888
21;2;1235841.6656299774
22;2;1316537.5742591
23;2;1257466.8167636592
24;2;1260045.3577821557
25;2;1139644.288966441
26;2;1226992.2287876261
27;2;1456016.6574421204
28;2;1121337.3038885584
29;2;1183094.2708713047
30;2;1206679.5578196708
31;2;1410088.6218409957
32;2;1160605.6835414683
33;2;1246931.5195834858
34;2;1194984.5400319195
35;2;1341120.4035070098
36;2;1266762.4730813568
37;2;1158675.1590473647
38;2;1256299.6712452201
39;2;1256376.7440840974
40;2;1294562.9489078845
41;2;1182598.175193177
42;2;1184438.010518024
43;2;1434676.0758102308
44;2;1141823.1246260875
45;2;1152991.489846714
46;2;1278984.327705326
47;2;1101312.1099305009
48;2;1402973.5205624127
49;2;1256779.1261332552
50;2;1125677.0794726047
51;2;1171435.2402490089
52;2;1226854.2318122636
53;2;1335170.745082104
54;2;1305948.9460370922
55;2;1123383.1021531941
56;2;1327297.280365532
57;2;1251216.8938361504
58;2;1344625.347677467
59;2;1281209.0400934876
60;2;1138084.113273316
61;2;1081319.3438022723
62;2;1286599.454377131
63;2;1160353.1841179067
64;2;1221413.694970728
65;2;1252582.4893948946
66;2;1337180.1792852846
67;2;1244428.0231733504
68;2;1144619.015752323
69;2;1180692.301584672
70;2;1373467.3208509376
71;2;1188677.2084474918
72;2;1204417.4497783936
73;2;1293569.993094379
74;2;995752.0921810108
75;2;1306975.7869166948
76;2;1303419.0971129274
77;2;1138432.102675582
78;2;1262593.475847793
79;2;1207318.8361003867
80;2;1197862.7427794328
81;2;1325860.5757216166
82;2;1270441.2134578344
83;2;1353134.6477171537
84;2;1148486.8238505714
85;2;1246910.9167046389
86;2;1291389.5388567662
87;2;1083239.1445959723
88;2;1222337.2366206315
89;2;1260875.0188112212
90;2;1191421.2329382442
91;2;1151092.9249463677
92;2;1242250.7780982298
93;2;1309889.973074887
94;2;1240194.7545583511
95;2;1458334.4874397751
96;2;1214075.515700456
97;2;1280128.5111573099
98;2;1203167.998413772
99;2;1262618.8889441378
100;2;1248885.6975158183
101;2;1212693.136692919
102;2;1138794.5034799685
103;2;1302291.7029573047
104;2;1062864.7884201233
105;2;1105939.9713918963
106;2;1149088.646657722
107;2;1363597.0423615698
108;2;1198437.2662020156
109;2;1256995.7261453061
110;2;1352543.260037189
111;2;1392898.871509392
112;2;1138884.6010446134
113;2;1208933.2580258292
114;2;1196441.299071997
115;2;1240220.740595581
116;2;1147383.0041357288
117;2;1184415.1031349394
118;2;1215548.8742180266
119;2;1025182.8874124009
120;2;1386155.3701462094
121;2;1344887.1240000897
122;2;1188956.822161263
123;2;1265027.747574031
124;2;1164505.8096564119
125;2;1378388.3974711057
126;2;1129978.0868194466
127;2;1245589.5989093503
128;2;1298637.5975381061
129;2;1294336.662870353
130;2;1329937.2166868849
131;2;1242176.8663056716
132;2;1309628.7953177996
133;2;1071986.624699288
134;2;1304377.394310341
135;2;1391879.7297834784
136;2;1216788.86644986
137;2;1233657.276591009
138;2;1055641.6122159164
139;2;1275273.615325263
140;2;1213004.0468229956
141;2;1296763.007411929
142;2;1355231.8479534583
143;2;1281479.9128646585
144;2;1265099.2881551199
145;2;1106912.6888967257
146;2;1157905.0941418507
147;2;1137187.2824798084
148;2;1330165.1058303877
149;2;1275601.2708641512
150;2;1186332.5571362565
151;2;1117687.4505800055
152;2;1272782.3508153474
153;2;1411848.584800561
154;2;1172614.0041943113
155;2;1359926.8013613077
156;2;1346327.2222407102
157;2;1170426.1050135912
158;2;1194714.1032959393
159;2;1227202.6247895146
160;2;1198163.1067648933
161;2;1249714.5962519506
162;2;1342590.2938360944
163;2;1204704.7927857672
164;2;1339562.7564152763
165;2;1230412.818466774
166;2;1036257.9986366465
167;2;1185128.4085858797
168;2;1364460.4574751616
1;3;1090164.1688550785
2;3;1207683.4111218227
3;3;1369319.7522622189
4;3;1152018.0113848469
5;3;1265017.6112774087
6;3;1162768.6934013541
7;3;1114492.433694666
8;3;1215777.3033157685
9;3;1252643.0031835798
10;3;1251556.5929489727
11;3;1086019.6536593004
12;3;1017339.7873866984
13;3;1242331.7153887665
14;3;1209201.5871234578
15;3;1254753.5809520418
16;3;1372539.2103732578
17;3;1114038.8639228642
18;3;1266696.4707468848
19;3;1157291.6663930523
20;3;1142646.5973880365
21;3;1307739.4385788655
22;3;1067186.8189539139
23;3;1267681.7118826157
24;3;1242285.8344030816
25;3;1225072.9087102364
26;3;1234044.0652003328
27;3;1359806.1327749575
28;3;1119010.0190058108
29;3;1310748.113308333
30;3;1051182.7695418594
31;3;1209810.420170334
32;3;1084594.3179506545
33;3;1044828.6334183312
34;3;1062031.0155677574
35;3;1174574.187996412
36;3;1228692.824190887
37;3;1483931.5195237927
38;3;1258436.7396774376
39;3;1386772.4355276397
40;3;1421543.8009410424
41;3;1251116.4725416088
42;3;1218076.8819440675
43;3;1137316.3684933158
44;3;1259274.2232596804
45;3;1176482.0589630986
46;3;1307404.3049418838
47;3;1187481.1357233268
48;3;1260850.1103599486
49;3;1316195.9744569315
50;3;1431394.4305015835
51;3;1172408.4525338882
52;3;1375667.493526454
53;3;1174405.3438767798
54;3;1043951.1237613708
55;3;1243096.453572788
56;3;1000462.4811195435
57;3;1335616.8539992338
58;3;1348656.1874996056
59;3;1454494.7139045694
60;3;1094542.7062297217
61;3;1257750.4833710617
62;3;1252941.8649551624
63;3;1320676.8047968792
64;3;1358521.5263199094
65;3;1279754.593306987
66;3;1117164.1188193632
67;3;1231948.3554798416
68;3;1074924.642244324
69;3;1308955.9061011132
70;3;1190857.0910647232
71;3;1320576.7827026
72;3;1196821.6121432176
73;3;1427597.943915008
74;3;1258848.8929297002
75;3;1239743.98385596
76;3;1271915.487814829
77;3;1032514.6947768555
78;3;1264690.212999329
79;3;1327477.4703274476
80;3;1340911.503065611
81;3;1158553.0608619303
82;3;1082668.0604827087
83;3;1220993.5727432654
84;3;1133220.1075005285
85;3;1060820.7479590492
86;3;1186634.5496750884
87;3;1413784.0658717542
88;3;1178890.3414190891
89;3;1315565.2341815
90;3;1172956.5591151947
91;3;1090971.8882658356
92;3;1376071.1837218571
93;3;1393837.1216173177
94;3;1252010.4935339084
95;3;1290716.2852640764
96;3;1148675.041395431
97;3;1108648.334163295
98;3;1261689.1422943098
99;3;1391718.9238669705
100;3;1182333.4144257635
101;3;1298551.493110125
102;3;1231739.1569910995
103;3;1211443.547150865
104;3;1214644.266427051
105;3;1196433.9252556975
106;3;1278832.0928042822
107;3;1167517.0835602973
108;3;1231253.990545257
109;3;1112507.623608945
110;3;1243388.3207603577
111;3;1025220.1338597458
112;3;1165825.8960071302
113;3;1213660.1713255325
114;3;1340921.7759820027
115;3;1144173.0288419905
116;3;1313703.9768144516
117;3;1363695.2165213535
118;3;1276369.3339296803
119;3;1235513.460328786
120;3;1265541.3849868572
121;3;1325950.0149506587
122;3;1359717.7851546088
123;3;1385761.0802216914
124;3;1119875.9320933926
125;3;1179367.895769332
126;3;1281457.7633704676
127;3;1053585.2148441114
128;3;1237986.6005635548
129;3;1185933.7201808842
130;3;1183238.5959149264
131;3;1219409.5402935932
132;3;1265012.1095449715
133;3;1234052.0663591211
134;3;1334877.3763277095
135;3;1317573.5816915361
136;3;1232709.5585090437
137;3;1312255.115524435
138;3;1298105.685295627
139;3;1043317.7024969314
140;3;1237226.3801842977
141;3;1153724.3167308813
142;3;1294937.763299365
143;3;1338606.183604684
144;3;1305145.4262085888
145;3;1313664.5823385222
146;3;1146992.8742388508
147;3;1143121.0841481406
148;3;1394297.3385524505
149;3;1285732.1125341817
150;3;1255881.9640761993
151;3;1122299.0257380034
152;3;1022411.3580432504
153;3;965448.469577748
154;3;1223841.2327883386
155;3;1376488.7980896435
156;3;1502930.584349834
157;3;1202247.3641872867
158;3;1135172.31264204
159;3;1138029.9306774035
160;3;1345436.9841567944
161;3;1252191.8070372632
162;3;1223124.8120426566
163;3;1119201.1693526942
164;3;1175352.144318153
165;3;1419292.5056412038
166;3;1328584.5732522036
167;3;1238534.1272907113
168;3;1128916.7865226502
1;4;1131681.8474314616
2;4;1009315.6212123793
3;4;1240884.4959404445
4;4;1139179.3099416224
5;4;1403176.5135855237
6;4;1324947.040461016
7;4;1197522.8636001009
8;4;1370009.9930164954
9;4;1090347.0392133985
10;4;1103428.4037506478
11;4;975265.6205648058
12;4;1139573.4127834456
13;4;1149870.2883653387
14;4;1380751.4109996278
15;4;1254348.5316536962
16;4;1303339.9184317659
17;4;1060979.9077978733
18;4;1152571.445978493
19;4;1229294.3172585021
20;4;1312526.8576475068
21;4;1293700.688632504
22;4;1298535.1388926136
23;4;1257142.6920352336
24;4;1400565.592080551
25;4;1230178.2717395446
26;4;1167416.2266023522
27;4;1049880.7015176616
28;4;1291115.413270501
29;4;1306045.7690201765
30;4;1174454.9900752946
31;4;1248817.3885052763
32;4;1286354.4255019242
33;4;1221693.433380074
34;4;1192209.9820529798
35;4;1087610.0449369939
36;4;1177523.012008214
37;4;1252947.4123217962
38;4;1224332.7091834703
39;4;1163122.1967766504
40;4;1309702.0387870176
41;4;1382941.6493287557
42;4;1116728.1240413785
43;4;1262519.8831680259
44;4;1050255.057916378
45;4;1294143.1043528372
46;4;1245970.0563812598
47;4;1183303.1214058273
48;4;1273006.63498032
49;4;1192321.4999699215
50;4;1275627.7594882492
51;4;1216606.9732654905
52;4;1398432.7501834144
53;4;1337885.1560352293
54;4;1211403.468217828
55;4;1243784.5571912949
56;4;1179040.9672418619
57;4;1256695.862815712
58;4;1183831.756969389
59;4;1273038.2945263959
60;4;1359468.9649368958
61;4;1255779.7089906784
62;4;1032764.1227076156
63;4;1109573.414669235
64;4;1092616.4876318977
65;4;1131078.620744763
66;4;1191262.088815425
67;4;1399587.9244726556
68;4;1144399.0376347485
69;4;1312023.0268476652
70;4;1105790.2699498825
71;4;1430533.7373369485
72;4;1270682.1531091367
73;4;1452516.0009306057
74;4;1268106.5556692423
75;4;1187949.1043629933
76;4;1116689.4681922751
77;4;1229907.3282566585
78;4;1221528.6329523243
79;4;1368378.970279206
80;4;1344627.3431335823
81;4;1083846.2898656875
82;4;1355040.4280777916
83;4;1070188.7778851534
84;4;1326634.8385461285
85;4;1233894.7735890604
86;4;1404021.4345724047
87;4;1200395.9766016575
88;4;1260127.0220643515
89;4;1158325.2850411688
90;4;1124989.9516915372
91;4;1181388.6388731091
92;4;1337065.4808328636
93;4;1459870.5211920685
94;4;1273525.6350217068
95;4;1269958.6695206803
96;4;1274175.4613157823
97;4;1263407.026335619
98;4;1203035.0388692673
99;4;1196048.309086269
100;4;1218574.9439076805
101;4;1198748.8636749391
102;4;1197470.3577218032
103;4;1261524.5358708228
104;4;1170001.9485611496
105;4;1090052.084403648
106;4;1310124.4662767062
107;4;1252767.7610154354
108;4;1320534.5430719203
109;4;1265777.5449473227
110;4;1346146.8059734704
111;4;1275367.423991797
112;4;1170744.9647469092
113;4;1286224.1570449378
114;4;1174706.0632879047
115;4;1082068.6832871987
116;4;1153278.4347132053
117;4;1311656.4506193018
118;4;1248302.231346371
119;4;1113349.1276817163
120;4;1206909.7014666016
121;4;1193559.4567147628
122;4;1188416.6543719578
123;4;1285470.5508977077
124;4;1312444.9809660013
125;4;1300664.2710676154
126;4;1103496.2012192495
127;4;1527670.0243576493
128;4;1257836.8017412461
129;4;1188126.6841570279
130;4;1118003.6588096367
131;4;1327257.1785350724
132;4;1173707.9322578232
133;4;1296723.5629388883
134;4;1275350.125541251
135;4;1427855.3708788631
136;4;1387695.0040654491
137;4;1226157.7960458943
138;4;1250433.3347315795
139;4;1208103.545046048
140;4;1257194.495306305
141;4;1222242.2345474423
142;4;1211815.040457492
143;4;1157433.7248012398
144;4;1252457.1807579442
145;4;1078653.3980349966
146;4;1253104.0065638833
147;4;1078256.4745905013
148;4;1336595.0231858715
149;4;1399073.2950968635
150;4;1257772.83811076
151;4;1286193.87107858
152;4;1118355.2370414173
153;4;1201538.1500791665
154;4;1071823.8528552311
155;4;1387372.8752870776
156;4;1416095.1565625095
157;4;1326968.9924301107
158;4;1296124.9893588074
159;4;1068152.7015385372
160;4;1267650.2684287198
161;4;1316437.210105109
162;4;1080671.6780844748
163;4;1281481.4747557207
164;4;1185621.3524121235
165;4;1181495.4405684257
166;4;1185345.2671837076
167;4;1105933.419406187
168;4;1191627.5301612455
1;5;1065146.4629800615
2;5;1134725.6138317208
3;5;1164700.556960072
4;5;1419808.4592925
5;5;1254036.2766892773
6;5;1261773.5400740902
7;5;1328281.144522432
8;5;1332813.9783238424
9;5;1121399.1990451228
10;5;1141930.92626966
11;5;1085034.6785610083
12;5;1340418.3921028625
13;5;1417699.4562358253
14;5;1009943.2882694416
15;5;1090011.2089100038
16;5;1326903.2036996426
17;5;1284936.5503423507
18;5;1149177.5413150066
19;5;1366838.3100996013
20;5;1097390.1300137169
21;5;1187870.6147831741
22;5;1357934.644292541
23;5;1239440.5009884757
24;5;1338559.44404372
25;5;1271189.4150510286
26;5;1341550.4917785125
27;5;1211318.0716232592
28;5;1216583.7771955258
29;5;1236388.480838004
30;5;1075615.6697945863
31;5;1362199.4248856602
32;5;1154384.2013054863
33;5;1100009.4745257145
34;5;1212385.602303348
35;5;1064515.8015347992
36;5;1370709.8257581969
37;5;1309562.8310204158
38;5;1362921.3042616309
39;5;1236167.5052026864
40;5;1298273.7609312632
41;5;1144135.2499012477
42;5;1183956.9965722135
43;5;1339385.7843374703
44;5;1184669.3389860461
45;5;1189612.8363991277
46;5;1348183.9320345921
47;5;1260038.9402812857
48;5;1315887.8801122205
49;5;1195234.7372863311
50;5;1330047.0981789893
51;5;1183658.2142315947
52;5;1228914.1148392218
53;5;1181410.3066111002
54;5;1330531.4527003812
55;5;1208762.126780624
56;5;1128074.6669280431
57;5;1274080.4180264878
58;5;1048922.2246177648
59;5;1390807.830271058
60;5;1248266.3979817498
61;5;1279307.735830342
62;5;1155573.3353606842
63;5;1079621.4309984073
64;5;1173715.7539924942
65;5;1352865.5207075435
66;5;1414186.6927970469
67;5;1209523.8552164058
68;5;1047049.5734789795
69;5;1218910.353137934
70;5;1268530.6276514786
71;5;1211616.8876879492
72;5;1349933.4928386856
73;5;1053199.2815550575
74;5;1305396.2580468871
75;5;1284861.1444621782
76;5;1161553.6556648414
77;5;1166655.130753281
78;5;1488149.2961193784
79;5;1377172.8422854536
80;5;1218189.0789870238
81;5;1214395.3275889184
82;5;1272049.8354385458
83;5;1229611.31985197
84;5;1189546.943257081
85;5;1285757.6286999632
86;5;1171911.7646325037
87;5;1315604.4440583976
88;5;1044819.4342194218
89;5;1100524.4677319336
90;5;1286453.5696572757
91;5;1194470.5348915532
92;5;1383146.539882543
93;5;1136712.1998702101
94;5;1371456.6850308431
95;5;1263533.7704017046
96;5;1159659.8446457374
97;5;1232442.2052284023
98;5;1294956.6016632572
99;5;1212167.3625101254
100;5;1329711.3298883329
101;5;1093258.5131616786
102;5;1184977.140323857
103;5;1326435.3662243495
104;5;1288251.9743535446
105;5;1150720.4611332347
106;5;1172669.113050251
107;5;1385782.8507039808
108;5;1178160.769051176
109;5;1200452.2654433392
110;5;1348923.1944500422
111;5;1140067.2338402409
112;5;1146159.865624446
113;5;1234015.1631332359
114;5;1327341.9160448392
115;5;1390840.1695036986
116;5;1200052.1641471798
117;5;1226335.6562458947
118;5;1122217.1691413724
119;5;1199630.78273514
120;5;1442027.110866696
121;5;1132783.6407703555
122;5;1126223.2727389412
123;5;1149903.6737225528
124;5;1325079.8273791452
125;5;1213554.389907992
126;5;1149938.440929194
127;5;1349216.8588058262
128;5;1152393.1560366373
129;5;1127618.5530230773
130;5;1278276.8386671105
131;5;1323750.606184766
132;5;1021721.0347358787
133;5;1251803.0738986107
134;5;1402531.3258440415
135;5;1332456.6823964333
136;5;1139603.2297380539
137;5;1377309.852026095
138;5;1101701.6994219632
139;5;1122904.6299641356
140;5;1208384.6590011297
141;5;1341173.0406193458
142;5;1281587.2336809498
143;5;1305027.256193114
144;5;1439434.2175270622
145;5;1142375.9660093815
146;5;1335423.2025120854
147;5;1116761.8077752737
148;5;1279667.4360352885
149;5;1216270.9290848626
150;5;1252803.9988191528
151;5;1317428.6837679187
152;5;1399593.263594686
153;5;1224315.15339856
154;5;1304860.8729064162
155;5;1172292.908616648
156;5;1110200.197130854
157;5;1308762.5524312875
158;5;1269124.2268244824
159;5;1064328.8049242168
160;5;1117088.5400197096
161;5;1245620.3315165145
162;5;1293017.130262935
163;5;1300386.0369732077
164;5;1279140.022372902
165;5;1229691.5177348175
166;5;1144273.5787143935
167;5;1079435.256858397
168;5;1067059.122543531
1;6;1124790.671475377
2;6;1103712.9242409163
3;6;1098928.3765395354
4;6;1322653.7278128879
5;6;1149877.742986551
6;6;1135825.397769605
7;6;1287617.8911726547
8;6;1335481.3970914648
9;6;1142207.5549004932
10;6;1180417.353587284
11;6;1158962.5294566364
12;6;1249723.2960329738
13;6;1318049.5377945413
14;6;1348904.5218585469
15;6;1177694.6236417203
16;6;1299455.7337191775
17;6;1292440.8190598078
18;6;1161401.241965202
19;6;1397358.58340937
20;6;1138506.1635483736
21;6;1312326.8974227563
22;6;1243222.9322762736
23;6;1051011.2470922167
24;6;1362367.4983056404
25;6;1127953.556541962
26;6;1175128.00777327
27;6;1244856.1386449167
28;6;1131354.833432464
29;6;1322532.8298789095
30;6;1225641.7184251084
31;6;1329942.1136706357
32;6;1292639.3317241983
33;6;1279336.4898430866
34;6;1146859.510167699
35;6;1194961.386373795
36;6;1226225.6997158984
37;6;1399508.7070176073
38;6;1203339.2735655417
39;6;1155846.2156216553
40;6;1270184.1411112067
41;6;1020889.3918537496
42;6;1123378.5566846358
43;6;1226289.534064663
44;6;1251582.559092028
45;6;1314575.2386813643
46;6;1220181.1323307985
47;6;1186741.9675361954
48;6;1206958.835668751
49;6;1442495.125254897
50;6;1098900.5049455129
51;6;1227781.6010732618
52;6;1299588.836307077
53;6;1238877.3605721083
54;6;1069466.7004184453
55;6;1282819.2828247526
56;6;1087162.577187126
57;6;1383221.119725365
58;6;1409191.9865406624
59;6;1343974.1366087259
60;6;1285647.8444730479
61;6;1236861.3880216144
62;6;1286825.233047078
63;6;1147128.6349121167
64;6;1163035.8181020615
65;6;1313693.4702527178
66;6;1149845.9566959832
67;6;1212700.0837047664
68;6;1383105.4415267897
69;6;1104563.4197233394
70;6;1111928.9794408397
71;6;1280455.4814020724
72;6;1221447.3750808854
73;6;1091778.5988982057
74;6;1333316.906714795
75;6;1264324.5167192933
76;6;1264199.9048322327
77;6;1198943.3399703216
78;6;1276856.4927715124
79;6;1063435.1143179014
80;6;1293762.0853676724
81;6;1276724.9030578586
82;6;1080752.0612485008
83;6;1228979.741515742
84;6;1066124.7650187437
85;6;1331466.5424991087
86;6;1173672.8681711357
87;6;1283360.9108579047
88;6;1299369.4514448184
89;6;1293364.4878326203
90;6;1213083.9394711966
91;6;1313435.4670090007
92;6;1226762.5667813665
93;6;1274273.4013972415
94;6;1208211.476219629
95;6;1156744.3057542779
96;6;1176303.7361464112
97;6;1283253.448635347
98;6;1278759.2255920353
99;6;1251610.5208892243
100;6;1337209.8580910736
101;6;1250581.7730088818
102;6;1246824.6105681276
103;6;1156019.4555318921
104;6;1316232.4239198284
105;6;1146469.6013916796
106;6;1292411.5724106692
107;6;1246421.6581026434
108;6;1036147.0246402605
109;6;1153018.5934245966
110;6;1267516.296888207
111;6;1212617.3067463432
112;6;1385027.582684835
113;6;1286712.5496863718
114;6;1168882.7309851027
115;6;1279972.4147854254
116;6;1357559.0905246832
117;6;1182676.617479303
118;6;1281287.5127066926
119;6;1270709.1335120178
120;6;1227471.897130752
121;6;1294598.2664030646
122;6;1438557.1131511908
123;6;1191285.4817069273
124;6;1084202.736067771
125;6;1244694.2116226854
126;6;1054782.852305854
127;6;1344513.572394039
128;6;1373054.3532796244
129;6;1107358.957981584
130;6;1424165.6161089207
131;6;1294926.4476906427
132;6;1044202.1113863838
133;6;1371103.6193270413
134;6;1294050.0461002202
135;6;1241262.3098542616
136;6;1302351.75404385
137;6;1016954.770128492
138;6;1167952.5046874525
139;6;957162.7270683527
140;6;1317250.981292108
141;6;1297061.0537607593
142;6;1264259.6470644479
143;6;1203031.1908174078
144;6;1264152.0075243288
145;6;1158287.5975268083
146;6;1321409.2811775473
147;6;1211221.6448281344
148;6;1235167.7384223635
149;6;1410132.2827963717
150;6;1234108.1500916085
151;6;1206519.0763124155
152;6;1266513.0972169652
153;6;1353011.0182346974
154;6;1169203.759700473
155;6;1239448.7646621328
156;6;1433122.6857025856
157;6;1363906.0460955692
158;6;1109726.5695274654
159;6;979244.1974522197
160;6;1196110.9093511605
161;6;1256388.6558913933
162;6;1420703.7818090287
163;6;1394148.6128359628
164;6;1113538.6645823324
165;6;971170.0237771432
166;6;1222683.3394764797
167;6;1176984.0228822303
168;6;1497363.5016862692
1;7;1089450.7286483166
2;7;1070601.6110322187
3;7;1203219.5716533768
4;7;1143780.9751330148
5;7;1130181.5414357735
6;7;1083268.1121188202
7;7;1220872.2790412325
8;7;1336740.2063159035
9;7;1206280.6446835177
10;7;1290230.0818832961
11;7;1403709.668946211
12;7;1310945.1493649066
13;7;1281378.0118378643
14;7;1177601.8833436554
15;7;1172281.1415660107
16;7;1328845.3901929483
17;7;1281242.9182626135
18;7;1378526.2675485178
19;7;1212227.3433745322
20;7;1244125.4471173082
21;7;1131371.6167224841
22;7;1385532.7478381032
23;7;1316671.2093670615
24;7;1271230.6673271598
25;7;1228065.1718997427
26;7;1219131.5324568131
27;7;1130087.576009205
28;7;1277609.601680385
29;7;1165754.3677753664
30;7;1172388.6732325803
31;7;1247559.9768843614
32;7;1423634.7810301073
33;7;1158406.6769318657
34;7;1199534.1388135613
35;7;1178183.0654344019
36;7;1297944.715726481
37;7;1277717.1848827535
38;7;1101171.7322374317
39;7;1236244.451072945
40;7;1229882.805036559
41;7;1198369.6879290012
42;7;1232558.8758672678
43;7;1183674.0400395358
44;7;1190896.1758260652
45;7;1372970.8630381315
46;7;1185825.9152688053
47;7;1197760.7995434103
48;7;1161988.9215532467
49;7;1189220.3152154419
50;7;1221456.033503552
51;7;1290673.1209920011
52;7;1344497.0687843668
53;7;1350963.873164851
54;7;1286948.2487948346
55;7;1377457.3170681256
56;7;1249159.220453631
57;7;1247225.9201406578
58;7;1192284.0466679754
59;7;1294165.7559666072
60;7;1036442.4934359309
61;7;1252073.8186807078
62;7;1275231.8190468666
63;7;1309379.0239818809
64;7;1264749.700595943
65;7;1350334.3140140588
66;7;1295548.9287106164
67;7;1188583.302787199
68;7;1209091.418289472
69;7;1140849.0881013589
70;7;1289095.263011817
71;7;1317043.6376969432
72;7;1384719.749524624
73;7;1256986.717984171
74;7;1038168.9178871734
75;7;1378395.8814432174
76;7;1413388.7513114992
77;7;1069802.0049745222
78;7;1255642.9500927888
79;7;1249409.6824043132
80;7;1223805.3265250244
81;7;1159379.1604610481
82;7;1375044.7552517694
83;7;1130007.1789832946
84;7;1181815.4549732541
85;7;1353830.5030114485
86;7;1262716.4714697865
87;7;1184270.2283322262
88;7;1201651.3851919672
89;7;1222071.8657636775
90;7;1183471.487086371
91;7;1119434.528898156
92;7;1223942.791779997
93;7;1471768.3278925992
94;7;1177284.7456505182
95;7;1200762.8177632405
96;7;1316891.447038755
97;7;1053010.5829857169
98;7;1258795.2531561046
99;7;1337372.893072478
100;7;1276535.2425533405
101;7;1185023.353810625
102;7;1217144.8814943368
103;7;1322623.18519467
104;7;1159714.7971239644
105;7;1154404.7748877993
106;7;1291661.6848679327
107;7;1368399.5959917821
108;7;1164991.6497861105
109;7;1350158.4260910982
110;7;1212134.4545942268
111;7;1347321.0193405503
112;7;1099165.16396813
113;7;1257229.4465400034
114;7;1057076.7951762893
115;7;1273089.1303576012
116;7;1142128.3160212373
117;7;1322772.1639618154
118;7;1200733.1279682128
119;7;1126376.2911560647
120;7;1255698.1376085035
121;7;1226427.7360075559
122;7;1327690.9612566535
123;7;1160772.6252812352
124;7;1312368.1562753385
125;7;1275174.905730865
126;7;1136735.0614271648
127;7;1334223.9654234587
128;7;1426356.6946147217
129;7;1317187.630524113
130;7;1376658.9262714153
131;7;1204839.5044640307
132;7;1116859.5475470207
133;7;1237026.4836382386
134;7;1148354.83023557
135;7;1200120.4859540267
136;7;1200765.0184789875
137;7;1320070.9066866566
138;7;1113853.8088003728
139;7;1229846.027868309
140;7;1246072.9609647703
141;7;1401022.215599468
142;7;1216885.7739207314
143;7;1333191.714708336
144;7;1150144.5144935127
145;7;1355552.5516990756
146;7;1171520.0103687912
147;7;1307981.9611721518
148;7;1312461.668037733
149;7;1325399.6832915833
150;7;1189524.9431830088
151;7;1055581.7516556298
152;7;1345056.1955251559
153;7;1231146.288280286
154;7;1131153.8590882653
155;7;1274886.3176483752
156;7;1122296.0512314688
157;7;1459708.3184610102
158;7;1228257.3923574623
159;7;1126552.4420088017
160;7;1262592.0393750316
161;7;1159533.2343920849
162;7;1300881.0255897203
163;7;1380495.2605895565
164;7;1383690.196265585
165;7;1087763.9618694994
166;7;972355.2745751338
167;7;1130792.5480209778
168;7;1207849.143085269
1;8;1169861.995942204
2;8;1176323.4033007775
3;8;1141005.7941796693
4;8;993103.2585364035
5;8;1220890.9374098484
6;8;1213547.1525880084
7;8;1287942.9926506113
8;8;1253601.9883602657
9;8;1107364.8739781918
10;8;1202310.4777421248
11;8;1253343.7806392717
12;8;1168716.3371352055
13;8;1192161.660876133
14;8;1337300.7753373133
15;8;1401216.8812744028
16;8;1298099.5712717844
17;8;1264685.7058129716
18;8;1270214.920024039
19;8;1219986.1617517816
20;8;1298861.6256610448
21;8;1420760.2697349484
22;8;1175010.2505550715
23;8;1143034.7511093
24;8;1215313.9625710128
25;8;1329638.2823114533
26;8;1167048.9801901348
27;8;1166102.0204434227
28;8;1209574.0845585272
29;8;1165009.815709786
30;8;1461896.3308563742
31;8;1283563.3447318948
32;8;1242762.8886909918
33;8;1110530.291623152
34;8;1035762.5368504204
35;8;964099.599405834
36;8;1426946.927744829
37;8;1153984.3949122222
38;8;1439189.8046253494
39;8;1398182.6215491677
40;8;1135869.844575681
41;8;962381.787805606
42;8;1239828.39489962
43;8;1452625.48944576
44;8;1059110.201507643
45;8;1268441.6701750115
46;8;1224391.8907588096
47;8;1211577.0634775949
48;8;1261915.2752658543
49;8;1230460.3505177372
50;8;1151016.4936232513
51;8;1225067.87919892
52;8;1202875.341678544
53;8;1085320.7685435822
54;8;1089390.8948800915
55;8;1325823.9502599789
56;8;1291294.6902445396
57;8;1200099.7998077164
58;8;1091871.5819947317
59;8;1379865.2853713003
60;8;1226536.4030557135
61;8;1315610.416518793
62;8;1103711.2476834352
63;8;1146054.3457622011
64;8;1309914.4685499473
65;8;1344861.3085068825
66;8;1247946.4053919157
67;8;1251248.245312487
68;8;1381292.561784634
69;8;1214598.4008090002
70;8;1178175.4368938887
71;8;1263637.224134231
72;8;1273382.9232179497
73;8;1323165.38794823
74;8;1114474.8232711463
75;8;1246348.4787957375
76;8;1211973.3515700432
77;8;1155810.0999555928
78;8;1240086.5955504943
79;8;1244878.3029893804
80;8;1181623.320508181
81;8;1256427.9316410634
82;8;1117382.8960411644
83;8;1368480.4586371502
84;8;1211337.16794594
85;8;1400801.0278639642
86;8;1357788.7919643626
87;8;1243805.702931751
88;8;1386385.7143732726
89;8;1155691.4537482383
90;8;1159754.77363964
91;8;985298.8820187163
92;8;1171500.9019829314
93;8;1167616.8931409833
94;8;1281010.5441084732
95;8;1351939.73579596
96;8;1219726.7291327708
97;8;1124375.796380907
98;8;1204201.712951805
99;8;1199963.3561024358
100;8;1281822.4067216455
101;8;1222323.7589985852
102;8;1290445.966462091
103;8;1300879.444889563
104;8;1197167.428237413
105;8;1098924.0870224698
106;8;1190772.5802611618
107;8;1354549.7693529415
108;8;1298851.0524141137
109;8;1379884.0103762595
110;8;1277020.290775172
111;8;1129158.964898226
112;8;1157350.8115261453
113;8;1181368.9952746676
114;8;1331262.4528438172
115;8;1404690.0190455946
116;8;1167973.683185424
117;8;1184694.628330513
118;8;1312831.9072803874
119;8;1250877.9014160093
120;8;1257928.2231126202
121;8;1304628.076819336
122;8;1254085.2411700513
123;8;1277077.362072675
124;8;1249421.4182382748
125;8;1168536.4637932887
126;8;1105188.988418578
127;8;1111300.2071831892
128;8;1245023.7869147433
129;8;1365281.6566375776
130;8;1315033.3197853635
131;8;1288080.8265580575
132;8;1279336.9156057
133;8;1103571.8847019204
134;8;1203774.6235189203
135;8;1335807.477041847
136;8;1312997.0813594696
137;8;1307334.2861963266
138;8;1220929.035126077
139;8;1172991.6598195797
140;8;1144560.6629997285
141;8;1228705.7191537083
142;8;1366871.8040640752
143;8;1279358.2494349184
144;8;1254982.5243063266
145;8;1166484.0399290035
146;8;1094795.131198856
147;8;1191799.9257206703
148;8;1301460.4918463158
149;8;1060741.3062307516
150;8;1382745.1346248188
151;8;1253521.5142296986
152;8;1393810.7408679856
153;8;1071031.6465022673
154;8;1124968.2791415958
155;8;1312260.0527031932
156;8;1387198.999184447
157;8;1367472.1192066253
158;8;1193868.8196680893
159;8;1262987.3048097123
160;8;1207241.8814583076
161;8;1380361.563790867
162;8;1116714.0408718437
163;8;1128246.8587729782
164;8;1288961.1811466727
165;8;1286982.4060597406
166;8;1241559.1863309569
167;8;1267553.2013968823
168;8;1117458.552334949
1;9;1010459.0550058715
2;9;1108358.9641555846
3;9;1180016.5682679228
4;9;1134412.985866175
5;9;1172633.6972848305
6;9;1194910.513768934
7;9;1113156.1144296532
8;9;1232864.4509555479
9;9;1441164.0169222008
10;9;1416353.2094809548
11;9;1099901.8005919291
12;9;1126644.941266172
13;9;1293557.053989611
14;9;1348321.3449897917
15;9;1383097.763544005
16;9;1299575.3627256828
17;9;1173988.7772174673
18;9;1241757.302194761
19;9;1177825.4602868976
20;9;1202717.564717205
21;9;1122630.644337993
22;9;1110511.3440958431
23;9;1274284.3001947044
24;9;1360771.1925607424
25;9;1197288.701146544
26;9;996740.8499046662
27;9;1091680.2873120783
28;9;1385411.954245111
29;9;1283078.4646108032
30;9;1339289.177155077
31;9;1217273.11403637
32;9;1237898.0353155322
33;9;1121932.6419485891
34;9;1249740.1717168961
35;9;1109884.7396492742
36;9;1224733.373776174
37;9;1241462.231956501
38;9;1551064.859583226
39;9;1266609.27024646
40;9;1210800.949196918
41;9;1185324.455733515
42;9;1061427.354629644
43;9;1387178.5146974626
44;9;1234088.2040175623
45;9;1200781.8107905516
46;9;1315441.080800705
47;9;1076268.5786430023
48;9;1209330.4861076216
49;9;1278716.8368451872
50;9;1234690.4430444601
51;9;1193805.7785745934
52;9;1336687.5028380267
53;9;1143595.154500505
54;9;1264333.7118800296
55;9;1098431.4853119382
56;9;1319036.3828623232
57;9;1414337.3987216903
58;9;1149531.5377327325
59;9;1285823.9310581211
60;9;1261337.5217084137
61;9;1221059.420168033
62;9;1289866.8945987725
63;9;1164505.255269833
64;9;1085986.8694275247
65;9;1312798.6566659026
66;9;1271666.1080144548
67;9;1306693.304124159
68;9;1375284.0743620668
69;9;1239627.7809118424
70;9;1146206.468047307
71;9;1251106.0053241714
72;9;1328080.729161842
73;9;1321297.3664073742
74;9;1272273.9639763467
75;9;1182360.9645305793
76;9;995051.2751608125
77;9;1181245.6067354032
78;9;1468391.0855586373
79;9;1342886.8191243238
80;9;1287074.8079195973
81;9;1147545.7975455078
82;9;1192931.2472919552
83;9;1149122.9101431852
84;9;1196069.5569136185
85;9;1230973.4838448132
86;9;1262373.5621637718
87;9;1207924.6247457124
88;9;1262765.1860132834
89;9;1192155.2133736396
90;9;1145475.5239950777
91;9;1341900.051683667
92;9;1324519.241323145
93;9;1362203.8164719222
94;9;1302022.0509024672
95;9;1090698.664776892
96;9;1024588.0664442733
97;9;1194340.9269114584
98;9;1208551.3904788108
99;9;1312928.1160441735
100;9;1231834.4402099578
101;9;1249235.211862861
102;9;1230485.669702648
103;9;1183345.704960703
104;9;1263642.4873743812
105;9;1173249.6857428602
106;9;1298321.4673167383
107;9;1204131.040197541
108;9;1229249.9255405664
109;9;1334998.1668768032
110;9;1242278.3074860144
111;9;1228567.175952044
112;9;1288774.617464533
113;9;1313309.0480351977
114;9;1246019.8913451426
115;9;1162303.5345908927
116;9;1224593.535707951
117;9;1227944.8313391514
118;9;1218756.3583531708
119;9;1025642.5833850724
120;9;1397840.7057540636
121;9;1255403.7712858033
122;9;1242253.7064575953
123;9;1360414.4259681478
124;9;1262950.5935648691
125;9;1212306.0481634133
126;9;1492335.5254263785
127;9;1232583.4831040732
128;9;1274936.878573351
129;9;1186971.3152529285
130;9;1178458.1164263838
131;9;1223637.9192428533
132;9;1158046.3445314718
133;9;1522722.3831771123
134;9;1162717.3566193753
135;9;1232499.9505520223
136;9;1274315.1711094757
137;9;1224978.845921844
138;9;1171723.21761795
139;9;1398083.6211225376
140;9;1064221.5294470522
141;9;1086480.53213285
142;9;1306875.9271784166
143;9;1524001.4688301506
144;9;1259020.5344154667
145;9;1194958.0185704664
146;9;1151129.1059499604
147;9;1153757.8960751328
148;9;1248825.3537194773
149;9;1077989.5572744692
150;9;1283629.5643123789
151;9;1132125.175862153
152;9;1395227.2766336023
153;9;1078682.09781886
154;9;1188423.3704971997
155;9;1482270.2014335813
156;9;1227225.6535436567
157;9;1368760.7490432335
158;9;1254805.6857018804
159;9;1264525.6382868772
160;9;1120454.130494904
161;9;1176951.8049510452
162;9;1155015.61407049
163;9;1191572.620797385
164;9;1369388.0966586058
165;9;1294760.0327338462
166;9;1272993.8019980188
167;9;1110236.9723253564
168;9;1191617.4809549083
1;10;1107875.895183101
2;10;1246388.1685761367
3;10;1219581.7866970627
4;10;1067127.2487887207
5;10;1216969.0910129633
6;10;1255465.1949249795
7;10;1208837.773550299
8;10;1153909.2534053605
9;10;1185100.6536137923
10;10;1213519.49763366
11;10;1186425.3681345899
12;10;1205905.777540212
13;10;1196050.4409920347
14;10;1305218.928891526
15;10;1337938.512886506
16;10;1271345.9697996236
17;10;1303573.0461345366
18;10;1229505.6394327634
19;10;1284279.7731356216
20;10;1231734.9084691138
21;10;1161103.5354415956
22;10;1280042.1453072766
23;10;1124306.5853054107
24;10;1227624.0307180928
25;10;1269772.1127054808
26;10;1319113.4585753367
27;10;1127260.2775643119
28;10;1127479.5553531004
29;10;1304515.2921975423
30;10;1180497.8664357043
31;10;1133830.8464304765
32;10;1424956.6686300049
33;10;1246796.6757316703
34;10;1315788.4676331033
35;10;1026470.6702287261
36;10;1378818.0370033646
37;10;1320337.8301284648
38;10;1407097.9133305242
39;10;1154113.0674023197
40;10;1129313.521257239
41;10;1320433.5581649092
42;10;1213389.4170703613
43;10;1185360.2219204977
44;10;1196999.6754957575
45;10;1100346.8435250868
46;10;1367198.382115219
47;10;1060494.2120774945
48;10;1125482.2193272375
49;10;1077476.332597273
50;10;1388082.6107786656
51;10;1267012.224482955
52;10;1263893.8785074737
53;10;1321160.2613635703
54;10;1366406.247119086
55;10;1234088.4666768988
56;10;1173063.2867251516
57;10;1142434.9300645723
58;10;1263999.8742669804
59;10;1275280.892633298
60;10;1103700.5369973632
61;10;1242941.021132475
62;10;1503039.5650965604
63;10;1157430.0098057298
64;10;1265094.1438758676
65;10;1255860.733762217
66;10;1148894.0050637492
67;10;1187132.400561086
68;10;1157022.28867743
69;10;1165773.4633679108
70;10;1213307.0847513522
71;10;1229499.4904070674
72;10;1221430.5887513282
73;10;1165675.2173381853
74;10;1241163.0740556465
75;10;1278233.326232746
76;10;1295451.2151176876
77;10;1231357.0920201435
78;10;1147699.9728629605
79;10;1489414.8226073203
80;10;1066972.0618159152
81;10;1385674.6848096482
82;10;1136098.7501406115
83;10;1214479.0324724098
84;10;1071825.497118111
85;10;1284729.2303788068
86;10;1299452.4945367675
87;10;1350945.665472903
88;10;1235733.1584722141
89;10;1170675.4659697798
90;10;1270491.4190103337
91;10;1329954.4743632681
92;10;1195402.905734656
93;10;1091609.0052310955
94;10;1269576.9432241397
95;10;1189621.64190712
96;10;1258751.4532218063
97;10;1313766.6431233585
98;10;1341393.569441317
99;10;1228685.2739329576
100;10;1254129.9447346963
101;10;1174204.5182574873
102;10;1125085.0607363717
103;10;1104392.0976541776
104;10;1125188.8652988235
105;10;1201170.9416285874
106;10;1480295.900071689
107;10;1345786.080310891
108;10;1233944.063729706
109;10;1236297.248671182
110;10;1196611.713413389
111;10;1120288.6567773018
112;10;1283340.8768731293
113;10;1161656.7334603777
114;10;1248566.874055325
115;10;1259045.627060149
116;10;1269586.9576981822
117;10;1042062.3063601663
118;10;1334875.3135359292
119;10;1251425.6422252797
120;10;1373906.532632676
121;10;1262902.1889501554
122;10;1186226.635660021
123;10;1241107.4590108427
124;10;1101102.358887094
125;10;1069564.4007786016
126;10;1340708.4878623995
127;10;1368873.6246033416
128;10;1269140.3577878913
129;10;1214147.1579083505
130;10;1353750.1010030957
131;10;1187464.659732007
132;10;1306501.3642894758
133;10;1125379.597269734
134;10;1396026.4646902632
135;10;1182028.128324138
136;10;1218163.6572048725
137;10;1315041.4857071787
138;10;1112784.9715364545
139;10;1280747.858116901
140;10;1296688.1580345018
141;10;1370389.0282473771
142;10;1140626.2776366647
143;10;1212836.4375312026
144;10;1097039.4393993444
145;10;1162267.8398231838
146;10;1188153.9248353022
147;10;1232681.9473167136
148;10;1087179.2982824398
149;10;1221347.8523258953
150;10;1277003.1012427325
151;10;1412566.4059903675
152;10;1161398.2772785919
153;10;1087883.6271462142
154;10;1156365.510634992
155;10;1320035.517601203
156;10;1403394.9026038945
157;10;1146308.0833916054
158;10;1320663.4618969236
159;10;1215761.5789319943
160;10;1299693.572359891
161;10;1154617.4962794348
162;10;1184220.5476526716
163;10;1215412.1362589477
164;10;1474682.9509020345
165;10;1215185.3628749235
166;10;1167365.0404894575
167;10;1096272.4134571524
168;10;1374868.1902476142
